,Type,s_word,s_word_rate,word,year
0,Yearly_Comparision,sushi,0.7685595750808716,food,2002.0
1,Yearly_Comparision,poorest,0.7639312148094177,food,2002.0
2,Yearly_Comparision,mc,0.7608000040054321,food,2002.0
3,Yearly_Comparision,conscious,0.7447478771209717,food,2002.0
4,Yearly_Comparision,donalds,0.7447230815887451,food,2002.0
5,Yearly_Comparision,except,0.7377598881721497,food,2002.0
6,Yearly_Comparision,kfc,0.7290409803390503,food,2002.0
7,Yearly_Comparision,health,0.6950328946113586,food,2002.0
8,Yearly_Comparision,minibar,0.6865354776382446,food,2002.0
9,Yearly_Comparision,horrible,0.6656972169876099,food,2002.0
10,Yearly_Comparision,area,0.9897921085357666,food,2003.0
11,Yearly_Comparision,reasonable,0.9889988899230957,food,2003.0
12,Yearly_Comparision,outstanding,0.9877713322639465,food,2003.0
13,Yearly_Comparision,bar,0.9855780601501465,food,2003.0
14,Yearly_Comparision,itself,0.9850158095359802,food,2003.0
15,Yearly_Comparision,contemporary,0.9845549464225769,food,2003.0
16,Yearly_Comparision,atmosphere,0.9845156669616699,food,2003.0
17,Yearly_Comparision,shape,0.9840587377548218,food,2003.0
18,Yearly_Comparision,relaxed,0.9839124083518982,food,2003.0
19,Yearly_Comparision,surprisingly,0.9838219881057739,food,2003.0
20,Yearly_Comparision,outstanding,0.9908643960952759,food,2004.0
21,Yearly_Comparision,atmosphere,0.989071249961853,food,2004.0
22,Yearly_Comparision,bar,0.9875823855400085,food,2004.0
23,Yearly_Comparision,condition,0.9872201681137085,food,2004.0
24,Yearly_Comparision,useful,0.9862799644470215,food,2004.0
25,Yearly_Comparision,breakfasts,0.9853456616401672,food,2004.0
26,Yearly_Comparision,decor,0.9831690788269043,food,2004.0
27,Yearly_Comparision,incredibly,0.9824731349945068,food,2004.0
28,Yearly_Comparision,itself,0.9823505282402039,food,2004.0
29,Yearly_Comparision,quality,0.9820415377616882,food,2004.0
30,Yearly_Comparision,area,0.9870833158493042,food,2005.0
31,Yearly_Comparision,atmosphere,0.985340416431427,food,2005.0
32,Yearly_Comparision,beautiful,0.9849802255630493,food,2005.0
33,Yearly_Comparision,lobby,0.9842678308486938,food,2005.0
34,Yearly_Comparision,restuarant,0.9831186532974243,food,2005.0
35,Yearly_Comparision,pool,0.9825155735015869,food,2005.0
36,Yearly_Comparision,decor,0.9817861318588257,food,2005.0
37,Yearly_Comparision,situated,0.9792007207870483,food,2005.0
38,Yearly_Comparision,reasonably,0.9791672229766846,food,2005.0
39,Yearly_Comparision,news,0.9790676832199097,food,2005.0
40,Yearly_Comparision,quality,0.9822888970375061,food,2006.0
41,Yearly_Comparision,itself,0.978823184967041,food,2006.0
42,Yearly_Comparision,terrific,0.9778755903244019,food,2006.0
43,Yearly_Comparision,bar,0.9776580333709717,food,2006.0
44,Yearly_Comparision,area,0.9773792624473572,food,2006.0
45,Yearly_Comparision,restaurant,0.9766733646392822,food,2006.0
46,Yearly_Comparision,industrial,0.974801778793335,food,2006.0
47,Yearly_Comparision,chic,0.9747708439826965,food,2006.0
48,Yearly_Comparision,reasonably,0.9747136831283569,food,2006.0
49,Yearly_Comparision,gym,0.9702519178390503,food,2006.0
50,Yearly_Comparision,decor,0.9863276481628418,food,2007.0
51,Yearly_Comparision,itself,0.9791767001152039,food,2007.0
52,Yearly_Comparision,relatively,0.9786640405654907,food,2007.0
53,Yearly_Comparision,service,0.9782049059867859,food,2007.0
54,Yearly_Comparision,pricey,0.9780039191246033,food,2007.0
55,Yearly_Comparision,atmosphere,0.9779030084609985,food,2007.0
56,Yearly_Comparision,pool,0.9769095778465271,food,2007.0
57,Yearly_Comparision,incredibly,0.9767829179763794,food,2007.0
58,Yearly_Comparision,bar,0.9753579497337341,food,2007.0
59,Yearly_Comparision,safe,0.9731917381286621,food,2007.0
60,Yearly_Comparision,pool,0.9870334267616272,food,2008.0
61,Yearly_Comparision,restaurant,0.9853088855743408,food,2008.0
62,Yearly_Comparision,quality,0.9833934307098389,food,2008.0
63,Yearly_Comparision,cleanliness,0.9813438653945923,food,2008.0
64,Yearly_Comparision,bar,0.9808175563812256,food,2008.0
65,Yearly_Comparision,area,0.9796749353408813,food,2008.0
66,Yearly_Comparision,decor,0.979674220085144,food,2008.0
67,Yearly_Comparision,buffet,0.9791448712348938,food,2008.0
68,Yearly_Comparision,reasonably,0.9788389205932617,food,2008.0
69,Yearly_Comparision,impressive,0.9772152900695801,food,2008.0
70,Yearly_Comparision,itself,0.9802129864692688,food,2009.0
71,Yearly_Comparision,ambience,0.9770981073379517,food,2009.0
72,Yearly_Comparision,quality,0.9753183722496033,food,2009.0
73,Yearly_Comparision,amazing,0.9748998284339905,food,2009.0
74,Yearly_Comparision,necessities,0.9740206003189087,food,2009.0
75,Yearly_Comparision,superb,0.9679080247879028,food,2009.0
76,Yearly_Comparision,complex,0.9678120017051697,food,2009.0
77,Yearly_Comparision,selection,0.9675593972206116,food,2009.0
78,Yearly_Comparision,fantastic,0.9671871066093445,food,2009.0
79,Yearly_Comparision,neat,0.9670014381408691,food,2009.0
80,Yearly_Comparision,sushi,0.7685595750808716,food,2002.0
81,Yearly_Comparision,poorest,0.7639312148094177,food,2002.0
82,Yearly_Comparision,mc,0.7608000040054321,food,2002.0
83,Yearly_Comparision,conscious,0.7447478771209717,food,2002.0
84,Yearly_Comparision,donalds,0.7447230815887451,food,2002.0
85,Yearly_Comparision,except,0.7377598881721497,food,2002.0
86,Yearly_Comparision,kfc,0.7290409803390503,food,2002.0
87,Yearly_Comparision,health,0.6950328946113586,food,2002.0
88,Yearly_Comparision,minibar,0.6865354776382446,food,2002.0
89,Yearly_Comparision,horrible,0.6656972169876099,food,2002.0
90,Yearly_Comparision,area,0.9897921085357666,food,2003.0
91,Yearly_Comparision,reasonable,0.9889988899230957,food,2003.0
92,Yearly_Comparision,outstanding,0.9877713322639465,food,2003.0
93,Yearly_Comparision,bar,0.9855780601501465,food,2003.0
94,Yearly_Comparision,itself,0.9850158095359802,food,2003.0
95,Yearly_Comparision,contemporary,0.9845549464225769,food,2003.0
96,Yearly_Comparision,atmosphere,0.9845156669616699,food,2003.0
97,Yearly_Comparision,shape,0.9840587377548218,food,2003.0
98,Yearly_Comparision,relaxed,0.9839124083518982,food,2003.0
99,Yearly_Comparision,surprisingly,0.9838219881057739,food,2003.0
100,Yearly_Comparision,outstanding,0.9908643960952759,food,2004.0
101,Yearly_Comparision,atmosphere,0.989071249961853,food,2004.0
102,Yearly_Comparision,bar,0.9875823855400085,food,2004.0
103,Yearly_Comparision,condition,0.9872201681137085,food,2004.0
104,Yearly_Comparision,useful,0.9862799644470215,food,2004.0
105,Yearly_Comparision,breakfasts,0.9853456616401672,food,2004.0
106,Yearly_Comparision,decor,0.9831690788269043,food,2004.0
107,Yearly_Comparision,incredibly,0.9824731349945068,food,2004.0
108,Yearly_Comparision,itself,0.9823505282402039,food,2004.0
109,Yearly_Comparision,quality,0.9820415377616882,food,2004.0
110,Yearly_Comparision,area,0.9870833158493042,food,2005.0
111,Yearly_Comparision,atmosphere,0.985340416431427,food,2005.0
112,Yearly_Comparision,beautiful,0.9849802255630493,food,2005.0
113,Yearly_Comparision,lobby,0.9842678308486938,food,2005.0
114,Yearly_Comparision,restuarant,0.9831186532974243,food,2005.0
115,Yearly_Comparision,pool,0.9825155735015869,food,2005.0
116,Yearly_Comparision,decor,0.9817861318588257,food,2005.0
117,Yearly_Comparision,situated,0.9792007207870483,food,2005.0
118,Yearly_Comparision,reasonably,0.9791672229766846,food,2005.0
119,Yearly_Comparision,news,0.9790676832199097,food,2005.0
120,Yearly_Comparision,quality,0.9822888970375061,food,2006.0
121,Yearly_Comparision,itself,0.978823184967041,food,2006.0
122,Yearly_Comparision,terrific,0.9778755903244019,food,2006.0
123,Yearly_Comparision,bar,0.9776580333709717,food,2006.0
124,Yearly_Comparision,area,0.9773792624473572,food,2006.0
125,Yearly_Comparision,restaurant,0.9766733646392822,food,2006.0
126,Yearly_Comparision,industrial,0.974801778793335,food,2006.0
127,Yearly_Comparision,chic,0.9747708439826965,food,2006.0
128,Yearly_Comparision,reasonably,0.9747136831283569,food,2006.0
129,Yearly_Comparision,gym,0.9702519178390503,food,2006.0
130,Yearly_Comparision,decor,0.9863276481628418,food,2007.0
131,Yearly_Comparision,itself,0.9791767001152039,food,2007.0
132,Yearly_Comparision,relatively,0.9786640405654907,food,2007.0
133,Yearly_Comparision,service,0.9782049059867859,food,2007.0
134,Yearly_Comparision,pricey,0.9780039191246033,food,2007.0
135,Yearly_Comparision,atmosphere,0.9779030084609985,food,2007.0
136,Yearly_Comparision,pool,0.9769095778465271,food,2007.0
137,Yearly_Comparision,incredibly,0.9767829179763794,food,2007.0
138,Yearly_Comparision,bar,0.9753579497337341,food,2007.0
139,Yearly_Comparision,safe,0.9731917381286621,food,2007.0
140,Yearly_Comparision,pool,0.9870334267616272,food,2008.0
141,Yearly_Comparision,restaurant,0.9853088855743408,food,2008.0
142,Yearly_Comparision,quality,0.9833934307098389,food,2008.0
143,Yearly_Comparision,cleanliness,0.9813438653945923,food,2008.0
144,Yearly_Comparision,bar,0.9808175563812256,food,2008.0
145,Yearly_Comparision,area,0.9796749353408813,food,2008.0
146,Yearly_Comparision,decor,0.979674220085144,food,2008.0
147,Yearly_Comparision,buffet,0.9791448712348938,food,2008.0
148,Yearly_Comparision,reasonably,0.9788389205932617,food,2008.0
149,Yearly_Comparision,impressive,0.9772152900695801,food,2008.0
150,Yearly_Comparision,itself,0.9802129864692688,food,2009.0
151,Yearly_Comparision,ambience,0.9770981073379517,food,2009.0
152,Yearly_Comparision,quality,0.9753183722496033,food,2009.0
153,Yearly_Comparision,amazing,0.9748998284339905,food,2009.0
154,Yearly_Comparision,necessities,0.9740206003189087,food,2009.0
155,Yearly_Comparision,superb,0.9679080247879028,food,2009.0
156,Yearly_Comparision,complex,0.9678120017051697,food,2009.0
157,Yearly_Comparision,selection,0.9675593972206116,food,2009.0
158,Yearly_Comparision,fantastic,0.9671871066093445,food,2009.0
159,Yearly_Comparision,neat,0.9670014381408691,food,2009.0
160,Yearly_Comparision,party,0.9966205358505249,flight,2003.0
161,Yearly_Comparision,process,0.9954434633255005,flight,2003.0
162,Yearly_Comparision,held,0.9952338933944702,flight,2003.0
163,Yearly_Comparision,alarm,0.9951086044311523,flight,2003.0
164,Yearly_Comparision,dinner,0.9946747422218323,flight,2003.0
165,Yearly_Comparision,fire,0.9946466684341431,flight,2003.0
166,Yearly_Comparision,finding,0.9945924282073975,flight,2003.0
167,Yearly_Comparision,clock,0.9944144487380981,flight,2003.0
168,Yearly_Comparision,finished,0.9943545460700989,flight,2003.0
169,Yearly_Comparision,trash,0.9939502477645874,flight,2003.0
170,Yearly_Comparision,sunday,0.9943743944168091,flight,2004.0
171,Yearly_Comparision,friday,0.9922323226928711,flight,2004.0
172,Yearly_Comparision,ahead,0.991453230381012,flight,2004.0
173,Yearly_Comparision,passes,0.9912580251693726,flight,2004.0
174,Yearly_Comparision,early,0.9911479949951172,flight,2004.0
175,Yearly_Comparision,26th,0.9910067319869995,flight,2004.0
176,Yearly_Comparision,myself,0.9909306168556213,flight,2004.0
177,Yearly_Comparision,late,0.990832507610321,flight,2004.0
178,Yearly_Comparision,midnight,0.9907543063163757,flight,2004.0
179,Yearly_Comparision,daughters,0.9906556606292725,flight,2004.0
180,Yearly_Comparision,remaining,0.9930804967880249,flight,2005.0
181,Yearly_Comparision,second,0.992851734161377,flight,2005.0
182,Yearly_Comparision,sunday,0.9893396496772766,flight,2005.0
183,Yearly_Comparision,11,0.9885494709014893,flight,2005.0
184,Yearly_Comparision,third,0.9878409504890442,flight,2005.0
185,Yearly_Comparision,8am,0.9865076541900635,flight,2005.0
186,Yearly_Comparision,morning,0.9859907627105713,flight,2005.0
187,Yearly_Comparision,21st,0.985752522945404,flight,2005.0
188,Yearly_Comparision,110,0.9855578541755676,flight,2005.0
189,Yearly_Comparision,later,0.9847612380981445,flight,2005.0
190,Yearly_Comparision,midnight,0.9908950328826904,flight,2006.0
191,Yearly_Comparision,trailfinders,0.9886816740036011,flight,2006.0
192,Yearly_Comparision,hour,0.9885078072547913,flight,2006.0
193,Yearly_Comparision,account,0.987227737903595,flight,2006.0
194,Yearly_Comparision,11,0.9862093925476074,flight,2006.0
195,Yearly_Comparision,delayed,0.9848289489746094,flight,2006.0
196,Yearly_Comparision,example,0.9845790863037109,flight,2006.0
197,Yearly_Comparision,6pm,0.9842814207077026,flight,2006.0
198,Yearly_Comparision,every,0.9841135740280151,flight,2006.0
199,Yearly_Comparision,trucks,0.9837359189987183,flight,2006.0
200,Yearly_Comparision,later,0.9906347990036011,flight,2007.0
201,Yearly_Comparision,sunday,0.989529013633728,flight,2007.0
202,Yearly_Comparision,pulled,0.9894769787788391,flight,2007.0
203,Yearly_Comparision,college,0.9892828464508057,flight,2007.0
204,Yearly_Comparision,creaked,0.988837718963623,flight,2007.0
205,Yearly_Comparision,00,0.988816499710083,flight,2007.0
206,Yearly_Comparision,leaving,0.988399863243103,flight,2007.0
207,Yearly_Comparision,departure,0.9880903363227844,flight,2007.0
208,Yearly_Comparision,12,0.9880717992782593,flight,2007.0
209,Yearly_Comparision,suitcases,0.9879974126815796,flight,2007.0
210,Yearly_Comparision,came,0.9889110326766968,flight,2008.0
211,Yearly_Comparision,having,0.9868395924568176,flight,2008.0
212,Yearly_Comparision,early,0.9866626262664795,flight,2008.0
213,Yearly_Comparision,midnight,0.9854397773742676,flight,2008.0
214,Yearly_Comparision,later,0.9854058623313904,flight,2008.0
215,Yearly_Comparision,late,0.9852844476699829,flight,2008.0
216,Yearly_Comparision,reservation,0.9848473072052002,flight,2008.0
217,Yearly_Comparision,returning,0.9826856851577759,flight,2008.0
218,Yearly_Comparision,booking,0.9822239875793457,flight,2008.0
219,Yearly_Comparision,through,0.9812168478965759,flight,2008.0
220,Yearly_Comparision,12,0.9930068254470825,flight,2009.0
221,Yearly_Comparision,leaving,0.9925539493560791,flight,2009.0
222,Yearly_Comparision,bill,0.990564227104187,flight,2009.0
223,Yearly_Comparision,having,0.9898240566253662,flight,2009.0
224,Yearly_Comparision,birthday,0.9898208379745483,flight,2009.0
225,Yearly_Comparision,booking,0.9891414046287537,flight,2009.0
226,Yearly_Comparision,n,0.9882340431213379,flight,2009.0
227,Yearly_Comparision,prior,0.9873842000961304,flight,2009.0
228,Yearly_Comparision,final,0.9871480464935303,flight,2009.0
229,Yearly_Comparision,reservation,0.9871311783790588,flight,2009.0
230,Yearly_Comparision,vacation,0.9943821430206299,sightseeing,2003.0
231,Yearly_Comparision,14,0.993914008140564,sightseeing,2003.0
232,Yearly_Comparision,every,0.9935062527656555,sightseeing,2003.0
233,Yearly_Comparision,saturday,0.9927696585655212,sightseeing,2003.0
234,Yearly_Comparision,03,0.9926792979240417,sightseeing,2003.0
235,Yearly_Comparision,13,0.9923990964889526,sightseeing,2003.0
236,Yearly_Comparision,tara,0.9919466972351074,sightseeing,2003.0
237,Yearly_Comparision,sight,0.9906286597251892,sightseeing,2003.0
238,Yearly_Comparision,12,0.9904066324234009,sightseeing,2003.0
239,Yearly_Comparision,26,0.9899562001228333,sightseeing,2003.0
240,Yearly_Comparision,feet,0.9961156845092773,sightseeing,2004.0
241,Yearly_Comparision,bay,0.9958014488220215,sightseeing,2004.0
242,Yearly_Comparision,quarter,0.9957120418548584,sightseeing,2004.0
243,Yearly_Comparision,neighborhoods,0.9955976009368896,sightseeing,2004.0
244,Yearly_Comparision,golf,0.9953165054321289,sightseeing,2004.0
245,Yearly_Comparision,lower,0.9952644109725952,sightseeing,2004.0
246,Yearly_Comparision,circus,0.9952431917190552,sightseeing,2004.0
247,Yearly_Comparision,zero,0.9949003458023071,sightseeing,2004.0
248,Yearly_Comparision,50,0.994899570941925,sightseeing,2004.0
249,Yearly_Comparision,corn,0.9948139190673828,sightseeing,2004.0
250,Yearly_Comparision,mid,0.9938310980796814,sightseeing,2005.0
251,Yearly_Comparision,lane,0.9918113946914673,sightseeing,2005.0
252,Yearly_Comparision,half,0.9918032884597778,sightseeing,2005.0
253,Yearly_Comparision,upper,0.991790771484375,sightseeing,2005.0
254,Yearly_Comparision,accross,0.9908797144889832,sightseeing,2005.0
255,Yearly_Comparision,south,0.9908685684204102,sightseeing,2005.0
256,Yearly_Comparision,queens,0.9907456636428833,sightseeing,2005.0
257,Yearly_Comparision,west,0.9903560876846313,sightseeing,2005.0
258,Yearly_Comparision,massage,0.9895954728126526,sightseeing,2005.0
259,Yearly_Comparision,foot,0.9895759224891663,sightseeing,2005.0
260,Yearly_Comparision,7,0.9929213523864746,sightseeing,2006.0
261,Yearly_Comparision,25,0.9918708205223083,sightseeing,2006.0
262,Yearly_Comparision,8,0.9907673597335815,sightseeing,2006.0
263,Yearly_Comparision,sept,0.9906646609306335,sightseeing,2006.0
264,Yearly_Comparision,45,0.9903628826141357,sightseeing,2006.0
265,Yearly_Comparision,21,0.9896090626716614,sightseeing,2006.0
266,Yearly_Comparision,magnificent,0.989495038986206,sightseeing,2006.0
267,Yearly_Comparision,11,0.989359974861145,sightseeing,2006.0
268,Yearly_Comparision,31,0.9878140687942505,sightseeing,2006.0
269,Yearly_Comparision,flights,0.9867755174636841,sightseeing,2006.0
270,Yearly_Comparision,travelling,0.9932547211647034,sightseeing,2007.0
271,Yearly_Comparision,driving,0.9921555519104004,sightseeing,2007.0
272,Yearly_Comparision,9,0.991607666015625,sightseeing,2007.0
273,Yearly_Comparision,14,0.9904000163078308,sightseeing,2007.0
274,Yearly_Comparision,tourists,0.990270733833313,sightseeing,2007.0
275,Yearly_Comparision,flamingo,0.9893072843551636,sightseeing,2007.0
276,Yearly_Comparision,china,0.9885678887367249,sightseeing,2007.0
277,Yearly_Comparision,emirates,0.9870983362197876,sightseeing,2007.0
278,Yearly_Comparision,theatre,0.9870389699935913,sightseeing,2007.0
279,Yearly_Comparision,spring,0.9869840145111084,sightseeing,2007.0
280,Yearly_Comparision,stop,0.9897352457046509,sightseeing,2008.0
281,Yearly_Comparision,jubilee,0.987571120262146,sightseeing,2008.0
282,Yearly_Comparision,sf,0.9869068264961243,sightseeing,2008.0
283,Yearly_Comparision,town,0.9866582155227661,sightseeing,2008.0
284,Yearly_Comparision,coming,0.986335813999176,sightseeing,2008.0
285,Yearly_Comparision,heathrow,0.9848370552062988,sightseeing,2008.0
286,Yearly_Comparision,rush,0.9846370220184326,sightseeing,2008.0
287,Yearly_Comparision,home,0.9843906760215759,sightseeing,2008.0
288,Yearly_Comparision,30,0.9843854308128357,sightseeing,2008.0
289,Yearly_Comparision,arriving,0.9841777086257935,sightseeing,2008.0
290,Yearly_Comparision,lv,0.9962464570999146,sightseeing,2009.0
291,Yearly_Comparision,flamingo,0.991320013999939,sightseeing,2009.0
292,Yearly_Comparision,game,0.9908632040023804,sightseeing,2009.0
293,Yearly_Comparision,chelsea,0.9897700548171997,sightseeing,2009.0
294,Yearly_Comparision,buckingham,0.9893460869789124,sightseeing,2009.0
295,Yearly_Comparision,novotel,0.9885423183441162,sightseeing,2009.0
296,Yearly_Comparision,golden,0.9884741306304932,sightseeing,2009.0
297,Yearly_Comparision,weekday,0.988319456577301,sightseeing,2009.0
298,Yearly_Comparision,james,0.9878406524658203,sightseeing,2009.0
299,Yearly_Comparision,fairmont,0.9877062439918518,sightseeing,2009.0
300,Yearly_Comparision,yell,0.9566562175750732,party,2002.0
301,Yearly_Comparision,screem,0.892549991607666,party,2002.0
302,Yearly_Comparision,want,0.8579323291778564,party,2002.0
303,Yearly_Comparision,3am,0.8209859132766724,party,2002.0
304,Yearly_Comparision,using,0.8208907842636108,party,2002.0
305,Yearly_Comparision,if,0.8077649474143982,party,2002.0
306,Yearly_Comparision,admidst,0.7974159121513367,party,2002.0
307,Yearly_Comparision,touring,0.7969101071357727,party,2002.0
308,Yearly_Comparision,stairmaster,0.7913298606872559,party,2002.0
309,Yearly_Comparision,car,0.7778437733650208,party,2002.0
310,Yearly_Comparision,held,0.9976897239685059,party,2003.0
311,Yearly_Comparision,flight,0.9966204166412354,party,2003.0
312,Yearly_Comparision,finding,0.9954141974449158,party,2003.0
313,Yearly_Comparision,months,0.9948333501815796,party,2003.0
314,Yearly_Comparision,fell,0.9946377277374268,party,2003.0
315,Yearly_Comparision,dollar,0.9945259690284729,party,2003.0
316,Yearly_Comparision,clock,0.9941049218177795,party,2003.0
317,Yearly_Comparision,dinner,0.9939194321632385,party,2003.0
318,Yearly_Comparision,finished,0.9937906265258789,party,2003.0
319,Yearly_Comparision,advantage,0.9937661290168762,party,2003.0
320,Yearly_Comparision,thru,0.9960246086120605,party,2004.0
321,Yearly_Comparision,starting,0.9946175813674927,party,2004.0
322,Yearly_Comparision,christmas,0.9944819211959839,party,2004.0
323,Yearly_Comparision,la,0.9941397905349731,party,2004.0
324,Yearly_Comparision,21,0.9940861463546753,party,2004.0
325,Yearly_Comparision,months,0.9939234256744385,party,2004.0
326,Yearly_Comparision,stratford,0.9934399127960205,party,2004.0
327,Yearly_Comparision,16,0.9932918548583984,party,2004.0
328,Yearly_Comparision,28,0.9930022954940796,party,2004.0
329,Yearly_Comparision,hilton,0.9928941130638123,party,2004.0
330,Yearly_Comparision,kids,0.9933192133903503,party,2005.0
331,Yearly_Comparision,group,0.9922912120819092,party,2005.0
332,Yearly_Comparision,newspaper,0.9911688566207886,party,2005.0
333,Yearly_Comparision,meal,0.9908164739608765,party,2005.0
334,Yearly_Comparision,appetizers,0.9900908470153809,party,2005.0
335,Yearly_Comparision,online,0.9899376630783081,party,2005.0
336,Yearly_Comparision,reviewer,0.9899041652679443,party,2005.0
337,Yearly_Comparision,difficulty,0.9898651242256165,party,2005.0
338,Yearly_Comparision,ours,0.9896422624588013,party,2005.0
339,Yearly_Comparision,booking,0.98863285779953,party,2005.0
340,Yearly_Comparision,wedding,0.9942936301231384,party,2006.0
341,Yearly_Comparision,28,0.9928266406059265,party,2006.0
342,Yearly_Comparision,meetings,0.9922120571136475,party,2006.0
343,Yearly_Comparision,sam,0.9920690059661865,party,2006.0
344,Yearly_Comparision,website,0.9919517040252686,party,2006.0
345,Yearly_Comparision,start,0.9918700456619263,party,2006.0
346,Yearly_Comparision,marriott,0.9914991855621338,party,2006.0
347,Yearly_Comparision,canadian,0.9914894700050354,party,2006.0
348,Yearly_Comparision,trips,0.9912461042404175,party,2006.0
349,Yearly_Comparision,mid,0.9908009767532349,party,2006.0
350,Yearly_Comparision,entering,0.9937523603439331,party,2007.0
351,Yearly_Comparision,finger,0.9908738732337952,party,2007.0
352,Yearly_Comparision,women,0.9905345439910889,party,2007.0
353,Yearly_Comparision,calls,0.9904413819313049,party,2007.0
354,Yearly_Comparision,heavy,0.9903265237808228,party,2007.0
355,Yearly_Comparision,tours,0.9902133941650391,party,2007.0
356,Yearly_Comparision,kit,0.9896775484085083,party,2007.0
357,Yearly_Comparision,boards,0.9896045923233032,party,2007.0
358,Yearly_Comparision,tray,0.9895618557929993,party,2007.0
359,Yearly_Comparision,bill,0.9893430471420288,party,2007.0
360,Yearly_Comparision,saving,0.9925664663314819,party,2008.0
361,Yearly_Comparision,group,0.9916906356811523,party,2008.0
362,Yearly_Comparision,30am,0.9913104772567749,party,2008.0
363,Yearly_Comparision,meeting,0.991295337677002,party,2008.0
364,Yearly_Comparision,swiped,0.9903122186660767,party,2008.0
365,Yearly_Comparision,hour,0.9898011684417725,party,2008.0
366,Yearly_Comparision,1st,0.9894932508468628,party,2008.0
367,Yearly_Comparision,heads,0.9893314838409424,party,2008.0
368,Yearly_Comparision,ago,0.9890402555465698,party,2008.0
369,Yearly_Comparision,opted,0.9889108538627625,party,2008.0
370,Yearly_Comparision,sightseeing,0.9863414168357849,party,2009.0
371,Yearly_Comparision,getting,0.984889030456543,party,2009.0
372,Yearly_Comparision,tour,0.9846731424331665,party,2009.0
373,Yearly_Comparision,checkout,0.9842592477798462,party,2009.0
374,Yearly_Comparision,parked,0.9838201999664307,party,2009.0
375,Yearly_Comparision,00am,0.9836926460266113,party,2009.0
376,Yearly_Comparision,flamingo,0.9835655689239502,party,2009.0
377,Yearly_Comparision,bill,0.9834874868392944,party,2009.0
378,Yearly_Comparision,clothes,0.9834824800491333,party,2009.0
379,Yearly_Comparision,pounds,0.9834157228469849,party,2009.0
380,Yearly_Comparision,fit,0.7087942957878113,price,2002.0
381,Yearly_Comparision,worth,0.7083585262298584,price,2002.0
382,Yearly_Comparision,decent,0.682309627532959,price,2002.0
383,Yearly_Comparision,difference,0.665197491645813,price,2002.0
384,Yearly_Comparision,especially,0.6626027822494507,price,2002.0
385,Yearly_Comparision,same,0.6552338600158691,price,2002.0
386,Yearly_Comparision,location,0.6430085301399231,price,2002.0
387,Yearly_Comparision,paid,0.6415191888809204,price,2002.0
388,Yearly_Comparision,following,0.6358741521835327,price,2002.0
389,Yearly_Comparision,rebate,0.6346805691719055,price,2002.0
390,Yearly_Comparision,value,0.9706346988677979,price,2003.0
391,Yearly_Comparision,thing,0.9566420316696167,price,2003.0
392,Yearly_Comparision,deal,0.943598210811615,price,2003.0
393,Yearly_Comparision,oliver,0.9374948143959045,price,2003.0
394,Yearly_Comparision,chop,0.9343146085739136,price,2003.0
395,Yearly_Comparision,best,0.9342471361160278,price,2003.0
396,Yearly_Comparision,overall,0.933861494064331,price,2003.0
397,Yearly_Comparision,roadside,0.9304715991020203,price,2003.0
398,Yearly_Comparision,dive,0.924709677696228,price,2003.0
399,Yearly_Comparision,similarly,0.9236188530921936,price,2003.0
400,Yearly_Comparision,value,0.9726065993309021,price,2004.0
401,Yearly_Comparision,deal,0.9537377953529358,price,2004.0
402,Yearly_Comparision,worth,0.9318428039550781,price,2004.0
403,Yearly_Comparision,overall,0.9300263524055481,price,2004.0
404,Yearly_Comparision,unusual,0.9224761724472046,price,2004.0
405,Yearly_Comparision,downfall,0.9206358194351196,price,2004.0
406,Yearly_Comparision,money,0.9198591709136963,price,2004.0
407,Yearly_Comparision,best,0.9187391996383667,price,2004.0
408,Yearly_Comparision,budget,0.9148620367050171,price,2004.0
409,Yearly_Comparision,luxury,0.9143555164337158,price,2004.0
410,Yearly_Comparision,deal,0.962833046913147,price,2005.0
411,Yearly_Comparision,value,0.956765353679657,price,2005.0
412,Yearly_Comparision,fab,0.9432140588760376,price,2005.0
413,Yearly_Comparision,experience,0.9375985860824585,price,2005.0
414,Yearly_Comparision,overall,0.9294490814208984,price,2005.0
415,Yearly_Comparision,thing,0.9254881143569946,price,2005.0
416,Yearly_Comparision,mouse,0.9218085408210754,price,2005.0
417,Yearly_Comparision,bad,0.9215310215950012,price,2005.0
418,Yearly_Comparision,property,0.9191684126853943,price,2005.0
419,Yearly_Comparision,worth,0.917991578578949,price,2005.0
420,Yearly_Comparision,value,0.9637330174446106,price,2006.0
421,Yearly_Comparision,best,0.9480750560760498,price,2006.0
422,Yearly_Comparision,overall,0.9467707872390747,price,2006.0
423,Yearly_Comparision,gem,0.9449063539505005,price,2006.0
424,Yearly_Comparision,establishment,0.9435657262802124,price,2006.0
425,Yearly_Comparision,experience,0.9360769987106323,price,2006.0
426,Yearly_Comparision,money,0.9325565099716187,price,2006.0
427,Yearly_Comparision,worth,0.9320243000984192,price,2006.0
428,Yearly_Comparision,hotel,0.9319592118263245,price,2006.0
429,Yearly_Comparision,downside,0.9316784143447876,price,2006.0
430,Yearly_Comparision,value,0.9688457250595093,price,2007.0
431,Yearly_Comparision,money,0.946656346321106,price,2007.0
432,Yearly_Comparision,downside,0.9456477761268616,price,2007.0
433,Yearly_Comparision,place,0.9411697387695312,price,2007.0
434,Yearly_Comparision,overall,0.938866138458252,price,2007.0
435,Yearly_Comparision,experience,0.9356595873832703,price,2007.0
436,Yearly_Comparision,perfect,0.9340622425079346,price,2007.0
437,Yearly_Comparision,represents,0.929822564125061,price,2007.0
438,Yearly_Comparision,hotel,0.9295448064804077,price,2007.0
439,Yearly_Comparision,bargain,0.9279703497886658,price,2007.0
440,Yearly_Comparision,value,0.9548986554145813,price,2008.0
441,Yearly_Comparision,choice,0.9486125111579895,price,2008.0
442,Yearly_Comparision,hotel,0.9473965167999268,price,2008.0
443,Yearly_Comparision,best,0.946516752243042,price,2008.0
444,Yearly_Comparision,thing,0.9444781541824341,price,2008.0
445,Yearly_Comparision,experience,0.9441598653793335,price,2008.0
446,Yearly_Comparision,suited,0.9417213201522827,price,2008.0
447,Yearly_Comparision,overall,0.9408711194992065,price,2008.0
448,Yearly_Comparision,perfect,0.9385218620300293,price,2008.0
449,Yearly_Comparision,steal,0.938133716583252,price,2008.0
450,Yearly_Comparision,deal,0.9674104452133179,price,2009.0
451,Yearly_Comparision,choice,0.9625226259231567,price,2009.0
452,Yearly_Comparision,value,0.9561244249343872,price,2009.0
453,Yearly_Comparision,money,0.9508563280105591,price,2009.0
454,Yearly_Comparision,experience,0.9451278448104858,price,2009.0
455,Yearly_Comparision,overall,0.9442681074142456,price,2009.0
456,Yearly_Comparision,place,0.9435575008392334,price,2009.0
457,Yearly_Comparision,base,0.941199779510498,price,2009.0
458,Yearly_Comparision,thing,0.9392642974853516,price,2009.0
459,Yearly_Comparision,excellant,0.9340044856071472,price,2009.0
460,Yearly_Comparision,mirrors,0.9269918203353882,fare,2002.0
461,Yearly_Comparision,deco,0.925757646560669,fare,2002.0
462,Yearly_Comparision,art,0.9243949055671692,fare,2002.0
463,Yearly_Comparision,european,0.9079723954200745,fare,2002.0
464,Yearly_Comparision,discoloured,0.8841951489448547,fare,2002.0
465,Yearly_Comparision,lamps,0.8790498971939087,fare,2002.0
466,Yearly_Comparision,gloriously,0.8769503831863403,fare,2002.0
467,Yearly_Comparision,seat,0.8741536140441895,fare,2002.0
468,Yearly_Comparision,uncomfortable,0.8633529543876648,fare,2002.0
469,Yearly_Comparision,adjustable,0.8565461039543152,fare,2002.0
470,Yearly_Comparision,fresh,0.9940405488014221,fare,2003.0
471,Yearly_Comparision,dining,0.9940024018287659,fare,2003.0
472,Yearly_Comparision,high,0.9937623739242554,fare,2003.0
473,Yearly_Comparision,standards,0.9933377504348755,fare,2003.0
474,Yearly_Comparision,amp,0.9929182529449463,fare,2003.0
475,Yearly_Comparision,decoration,0.9929056167602539,fare,2003.0
476,Yearly_Comparision,heated,0.9928565621376038,fare,2003.0
477,Yearly_Comparision,glass,0.9923416376113892,fare,2003.0
478,Yearly_Comparision,served,0.9923368096351624,fare,2003.0
479,Yearly_Comparision,indoor,0.9922381639480591,fare,2003.0
480,Yearly_Comparision,diner,0.9932856559753418,fare,2004.0
481,Yearly_Comparision,cafe,0.9926625490188599,fare,2004.0
482,Yearly_Comparision,walks,0.9921116828918457,fare,2004.0
483,Yearly_Comparision,outdoor,0.992087721824646,fare,2004.0
484,Yearly_Comparision,historic,0.9918030500411987,fare,2004.0
485,Yearly_Comparision,incredible,0.9915339350700378,fare,2004.0
486,Yearly_Comparision,green,0.9912914633750916,fare,2004.0
487,Yearly_Comparision,fitness,0.9911848306655884,fare,2004.0
488,Yearly_Comparision,spot,0.9909158945083618,fare,2004.0
489,Yearly_Comparision,italian,0.9903504848480225,fare,2004.0
490,Yearly_Comparision,dollars,0.9948004484176636,fare,2005.0
491,Yearly_Comparision,hill,0.9945869445800781,fare,2005.0
492,Yearly_Comparision,half,0.9930712580680847,fare,2005.0
493,Yearly_Comparision,charing,0.9928413033485413,fare,2005.0
494,Yearly_Comparision,canadian,0.992009162902832,fare,2005.0
495,Yearly_Comparision,costs,0.9919060468673706,fare,2005.0
496,Yearly_Comparision,souvenirs,0.9911242723464966,fare,2005.0
497,Yearly_Comparision,kings,0.991039514541626,fare,2005.0
498,Yearly_Comparision,massage,0.9907318353652954,fare,2005.0
499,Yearly_Comparision,95,0.9906002879142761,fare,2005.0
500,Yearly_Comparision,hardwood,0.9962012767791748,fare,2006.0
501,Yearly_Comparision,gift,0.9952921271324158,fare,2006.0
502,Yearly_Comparision,daily,0.9948621392250061,fare,2006.0
503,Yearly_Comparision,bread,0.9948437809944153,fare,2006.0
504,Yearly_Comparision,behind,0.9946603775024414,fare,2006.0
505,Yearly_Comparision,shoe,0.9945972561836243,fare,2006.0
506,Yearly_Comparision,tray,0.9943820834159851,fare,2006.0
507,Yearly_Comparision,boots,0.9942798614501953,fare,2006.0
508,Yearly_Comparision,drinks,0.994214653968811,fare,2006.0
509,Yearly_Comparision,tiles,0.9941891431808472,fare,2006.0
510,Yearly_Comparision,blvd,0.9967828989028931,fare,2007.0
511,Yearly_Comparision,rue,0.995717465877533,fare,2007.0
512,Yearly_Comparision,blue,0.9954299330711365,fare,2007.0
513,Yearly_Comparision,sq,0.9951074123382568,fare,2007.0
514,Yearly_Comparision,court,0.9950424432754517,fare,2007.0
515,Yearly_Comparision,red,0.9949455261230469,fare,2007.0
516,Yearly_Comparision,diner,0.9945966005325317,fare,2007.0
517,Yearly_Comparision,local,0.9941603541374207,fare,2007.0
518,Yearly_Comparision,closer,0.9940805435180664,fare,2007.0
519,Yearly_Comparision,mall,0.9940230250358582,fare,2007.0
520,Yearly_Comparision,history,0.9955103397369385,fare,2008.0
521,Yearly_Comparision,store,0.994951069355011,fare,2008.0
522,Yearly_Comparision,north,0.9945585131645203,fare,2008.0
523,Yearly_Comparision,sq,0.9944539070129395,fare,2008.0
524,Yearly_Comparision,east,0.9941266775131226,fare,2008.0
525,Yearly_Comparision,shop,0.9938048124313354,fare,2008.0
526,Yearly_Comparision,17,0.9937309622764587,fare,2008.0
527,Yearly_Comparision,museum,0.9935944676399231,fare,2008.0
528,Yearly_Comparision,center,0.9935940504074097,fare,2008.0
529,Yearly_Comparision,rd,0.9931022524833679,fare,2008.0
530,Yearly_Comparision,cream,0.9960259199142456,fare,2009.0
531,Yearly_Comparision,transportation,0.9953900575637817,fare,2009.0
532,Yearly_Comparision,16,0.9949120283126831,fare,2009.0
533,Yearly_Comparision,round,0.9948961734771729,fare,2009.0
534,Yearly_Comparision,casinos,0.9948360919952393,fare,2009.0
535,Yearly_Comparision,taking,0.9947856664657593,fare,2009.0
536,Yearly_Comparision,slot,0.9947555661201477,fare,2009.0
537,Yearly_Comparision,21,0.9945966601371765,fare,2009.0
538,Yearly_Comparision,coupons,0.9945375919342041,fare,2009.0
539,Yearly_Comparision,making,0.994512677192688,fare,2009.0
540,Yearly_Comparision,romantic,0.8328992128372192,cheap,2002.0
541,Yearly_Comparision,malo,0.7580269575119019,cheap,2002.0
542,Yearly_Comparision,hyatt,0.7577653527259827,cheap,2002.0
543,Yearly_Comparision,sign,0.7231009602546692,cheap,2002.0
544,Yearly_Comparision,advertising,0.6983837485313416,cheap,2002.0
545,Yearly_Comparision,st,0.6861292123794556,cheap,2002.0
546,Yearly_Comparision,perhaps,0.6810186505317688,cheap,2002.0
547,Yearly_Comparision,dicey,0.649513840675354,cheap,2002.0
548,Yearly_Comparision,weekend,0.6461473703384399,cheap,2002.0
549,Yearly_Comparision,problem,0.641974925994873,cheap,2002.0
550,Yearly_Comparision,considering,0.988582968711853,cheap,2003.0
551,Yearly_Comparision,pretty,0.9879745244979858,cheap,2003.0
552,Yearly_Comparision,everything,0.9874891042709351,cheap,2003.0
553,Yearly_Comparision,expensive,0.9820146560668945,cheap,2003.0
554,Yearly_Comparision,especially,0.9813485145568848,cheap,2003.0
555,Yearly_Comparision,trendy,0.9811383485794067,cheap,2003.0
556,Yearly_Comparision,pricey,0.9811094403266907,cheap,2003.0
557,Yearly_Comparision,economical,0.9807182550430298,cheap,2003.0
558,Yearly_Comparision,its,0.9801379442214966,cheap,2003.0
559,Yearly_Comparision,fat,0.9780291318893433,cheap,2003.0
560,Yearly_Comparision,looks,0.9914892911911011,cheap,2004.0
561,Yearly_Comparision,noisy,0.9896796941757202,cheap,2004.0
562,Yearly_Comparision,fair,0.9893277883529663,cheap,2004.0
563,Yearly_Comparision,otherwise,0.9881573915481567,cheap,2004.0
564,Yearly_Comparision,joke,0.9870927929878235,cheap,2004.0
565,Yearly_Comparision,older,0.9869272708892822,cheap,2004.0
566,Yearly_Comparision,dance,0.9868488311767578,cheap,2004.0
567,Yearly_Comparision,expensive,0.9864540696144104,cheap,2004.0
568,Yearly_Comparision,low,0.986362099647522,cheap,2004.0
569,Yearly_Comparision,such,0.9863193035125732,cheap,2004.0
570,Yearly_Comparision,fancy,0.9924465417861938,cheap,2005.0
571,Yearly_Comparision,pricey,0.9875043630599976,cheap,2005.0
572,Yearly_Comparision,job,0.9867751598358154,cheap,2005.0
573,Yearly_Comparision,stuffy,0.981375515460968,cheap,2005.0
574,Yearly_Comparision,disappointing,0.9810444116592407,cheap,2005.0
575,Yearly_Comparision,expensive,0.9809811115264893,cheap,2005.0
576,Yearly_Comparision,serious,0.980320394039154,cheap,2005.0
577,Yearly_Comparision,gambling,0.9786145687103271,cheap,2005.0
578,Yearly_Comparision,everything,0.9785941243171692,cheap,2005.0
579,Yearly_Comparision,worth,0.9776473045349121,cheap,2005.0
580,Yearly_Comparision,unique,0.99240642786026,cheap,2006.0
581,Yearly_Comparision,important,0.9915308356285095,cheap,2006.0
582,Yearly_Comparision,inexpensive,0.9904295206069946,cheap,2006.0
583,Yearly_Comparision,acceptable,0.9883519411087036,cheap,2006.0
584,Yearly_Comparision,its,0.9863708019256592,cheap,2006.0
585,Yearly_Comparision,character,0.9863397479057312,cheap,2006.0
586,Yearly_Comparision,pretty,0.986322820186615,cheap,2006.0
587,Yearly_Comparision,fun,0.9856263399124146,cheap,2006.0
588,Yearly_Comparision,neighbourhood,0.9855214953422546,cheap,2006.0
589,Yearly_Comparision,expensive,0.9854973554611206,cheap,2006.0
590,Yearly_Comparision,expensive,0.9920514225959778,cheap,2007.0
591,Yearly_Comparision,such,0.9845439791679382,cheap,2007.0
592,Yearly_Comparision,okay,0.9830130934715271,cheap,2007.0
593,Yearly_Comparision,classy,0.9826923608779907,cheap,2007.0
594,Yearly_Comparision,overpriced,0.9825841188430786,cheap,2007.0
595,Yearly_Comparision,nothing,0.9805269241333008,cheap,2007.0
596,Yearly_Comparision,ok,0.9798644185066223,cheap,2007.0
597,Yearly_Comparision,important,0.9789289236068726,cheap,2007.0
598,Yearly_Comparision,luxurious,0.9782544374465942,cheap,2007.0
599,Yearly_Comparision,idea,0.9781222343444824,cheap,2007.0
600,Yearly_Comparision,intimate,0.9912004470825195,cheap,2008.0
601,Yearly_Comparision,worse,0.9897406101226807,cheap,2008.0
602,Yearly_Comparision,clearly,0.9872156381607056,cheap,2008.0
603,Yearly_Comparision,seems,0.9863184690475464,cheap,2008.0
604,Yearly_Comparision,does,0.9859356880187988,cheap,2008.0
605,Yearly_Comparision,hard,0.9850995540618896,cheap,2008.0
606,Yearly_Comparision,bloomsbury,0.9840004444122314,cheap,2008.0
607,Yearly_Comparision,considered,0.9839646220207214,cheap,2008.0
608,Yearly_Comparision,looks,0.9832719564437866,cheap,2008.0
609,Yearly_Comparision,appealing,0.9831587076187134,cheap,2008.0
610,Yearly_Comparision,pricey,0.9927516579627991,cheap,2009.0
611,Yearly_Comparision,fun,0.989017128944397,cheap,2009.0
612,Yearly_Comparision,feels,0.988101601600647,cheap,2009.0
613,Yearly_Comparision,expensive,0.9866600036621094,cheap,2009.0
614,Yearly_Comparision,chaotic,0.9863978624343872,cheap,2009.0
615,Yearly_Comparision,such,0.9860249161720276,cheap,2009.0
616,Yearly_Comparision,peaceful,0.9850905537605286,cheap,2009.0
617,Yearly_Comparision,otherwise,0.9849509596824646,cheap,2009.0
618,Yearly_Comparision,inexpensive,0.9848049879074097,cheap,2009.0
619,Yearly_Comparision,tall,0.9843460321426392,cheap,2009.0
620,Yearly_Comparision,breads,0.9981826543807983,coffe,2003.0
621,Yearly_Comparision,cd,0.9976820349693298,coffe,2003.0
622,Yearly_Comparision,fresh,0.9967631697654724,coffe,2003.0
623,Yearly_Comparision,player,0.996685266494751,coffe,2003.0
624,Yearly_Comparision,cocktail,0.9966284036636353,coffe,2003.0
625,Yearly_Comparision,lighting,0.9961966872215271,coffe,2003.0
626,Yearly_Comparision,wallpaper,0.9960430860519409,coffe,2003.0
627,Yearly_Comparision,notch,0.9955461621284485,coffe,2003.0
628,Yearly_Comparision,torn,0.9955171346664429,coffe,2003.0
629,Yearly_Comparision,disgusting,0.9954735040664673,coffe,2003.0
630,Yearly_Comparision,toiletries,0.9949808120727539,coffe,2004.0
631,Yearly_Comparision,orange,0.9949730038642883,coffe,2004.0
632,Yearly_Comparision,cd,0.9948737621307373,coffe,2004.0
633,Yearly_Comparision,television,0.9945828318595886,coffe,2004.0
634,Yearly_Comparision,player,0.9944930672645569,coffe,2004.0
635,Yearly_Comparision,yogurt,0.9944169521331787,coffe,2004.0
636,Yearly_Comparision,drawer,0.9941893219947815,coffe,2004.0
637,Yearly_Comparision,light,0.9941412210464478,coffe,2004.0
638,Yearly_Comparision,storage,0.9940865635871887,coffe,2004.0
639,Yearly_Comparision,tray,0.9940794110298157,coffe,2004.0
640,Yearly_Comparision,along,0.9946094155311584,coffe,2005.0
641,Yearly_Comparision,trains,0.9939171075820923,coffe,2005.0
642,Yearly_Comparision,bacon,0.9936614036560059,coffe,2005.0
643,Yearly_Comparision,la,0.9933072328567505,coffe,2005.0
644,Yearly_Comparision,circle,0.9932554960250854,coffe,2005.0
645,Yearly_Comparision,multi,0.9930160045623779,coffe,2005.0
646,Yearly_Comparision,movie,0.9929376840591431,coffe,2005.0
647,Yearly_Comparision,mont,0.9926655292510986,coffe,2005.0
648,Yearly_Comparision,century,0.9926036596298218,coffe,2005.0
649,Yearly_Comparision,fireplace,0.9925395250320435,coffe,2005.0
650,Yearly_Comparision,faced,0.9880975484848022,coffe,2006.0
651,Yearly_Comparision,brick,0.9872599840164185,coffe,2006.0
652,Yearly_Comparision,gift,0.9864694476127625,coffe,2006.0
653,Yearly_Comparision,cup,0.9861827492713928,coffe,2006.0
654,Yearly_Comparision,tomato,0.9856787323951721,coffe,2006.0
655,Yearly_Comparision,pot,0.9852486252784729,coffe,2006.0
656,Yearly_Comparision,canyon,0.9850292801856995,coffe,2006.0
657,Yearly_Comparision,dvd,0.9848973751068115,coffe,2006.0
658,Yearly_Comparision,video,0.9848505854606628,coffe,2006.0
659,Yearly_Comparision,onto,0.9846702814102173,coffe,2006.0
660,Yearly_Comparision,al,0.992495059967041,coffe,2008.0
661,Yearly_Comparision,sports,0.9924771785736084,coffe,2008.0
662,Yearly_Comparision,various,0.9917802810668945,coffe,2008.0
663,Yearly_Comparision,units,0.9917051792144775,coffe,2008.0
664,Yearly_Comparision,chicken,0.991666853427887,coffe,2008.0
665,Yearly_Comparision,mcdonalds,0.9914330840110779,coffe,2008.0
666,Yearly_Comparision,mornings,0.9913522601127625,coffe,2008.0
667,Yearly_Comparision,toast,0.9910606741905212,coffe,2008.0
668,Yearly_Comparision,glasses,0.990861177444458,coffe,2008.0
669,Yearly_Comparision,bud,0.9908595085144043,coffe,2008.0
670,Yearly_Comparision,filthy,0.9645479917526245,coffe,2009.0
671,Yearly_Comparision,kid,0.9588457345962524,coffe,2009.0
672,Yearly_Comparision,boy,0.9581484794616699,coffe,2009.0
673,Yearly_Comparision,rude,0.9578471183776855,coffe,2009.0
674,Yearly_Comparision,dirty,0.9557338953018188,coffe,2009.0
675,Yearly_Comparision,unbelievably,0.9535492658615112,coffe,2009.0
676,Yearly_Comparision,packed,0.9522850513458252,coffe,2009.0
677,Yearly_Comparision,screens,0.9512092471122742,coffe,2009.0
678,Yearly_Comparision,replenished,0.9507436752319336,coffe,2009.0
679,Yearly_Comparision,ritzy,0.9507001638412476,coffe,2009.0
680,Yearly_Comparision,leaked,0.9114281535148621,toilet,2002.0
681,Yearly_Comparision,bidet,0.8888500928878784,toilet,2002.0
682,Yearly_Comparision,designed,0.8590553402900696,toilet,2002.0
683,Yearly_Comparision,tile,0.8509599566459656,toilet,2002.0
684,Yearly_Comparision,settee,0.8499646186828613,toilet,2002.0
685,Yearly_Comparision,cable,0.8416696786880493,toilet,2002.0
686,Yearly_Comparision,broke,0.8378642201423645,toilet,2002.0
687,Yearly_Comparision,leading,0.818524956703186,toilet,2002.0
688,Yearly_Comparision,nintendo,0.8146615624427795,toilet,2002.0
689,Yearly_Comparision,table,0.8144434690475464,toilet,2002.0
690,Yearly_Comparision,hair,0.996434211730957,toilet,2003.0
691,Yearly_Comparision,working,0.9955143332481384,toilet,2003.0
692,Yearly_Comparision,filthy,0.9951356649398804,toilet,2003.0
693,Yearly_Comparision,trouble,0.994957685470581,toilet,2003.0
694,Yearly_Comparision,smoke,0.9941819906234741,toilet,2003.0
695,Yearly_Comparision,bedding,0.9941471815109253,toilet,2003.0
696,Yearly_Comparision,worked,0.9941388368606567,toilet,2003.0
697,Yearly_Comparision,bottles,0.9941048622131348,toilet,2003.0
698,Yearly_Comparision,wide,0.9938341379165649,toilet,2003.0
699,Yearly_Comparision,blanket,0.9935579299926758,toilet,2003.0
700,Yearly_Comparision,towel,0.9973956942558289,toilet,2004.0
701,Yearly_Comparision,hair,0.996691107749939,toilet,2004.0
702,Yearly_Comparision,unit,0.9959038496017456,toilet,2004.0
703,Yearly_Comparision,heated,0.9955196380615234,toilet,2004.0
704,Yearly_Comparision,minibar,0.9953861832618713,toilet,2004.0
705,Yearly_Comparision,drinks,0.9953399300575256,toilet,2004.0
706,Yearly_Comparision,floors,0.9950706958770752,toilet,2004.0
707,Yearly_Comparision,barely,0.9950036406517029,toilet,2004.0
708,Yearly_Comparision,ripped,0.9949951767921448,toilet,2004.0
709,Yearly_Comparision,iron,0.9949424266815186,toilet,2004.0
710,Yearly_Comparision,ice,0.9965066909790039,toilet,2005.0
711,Yearly_Comparision,bedspread,0.9939953088760376,toilet,2005.0
712,Yearly_Comparision,cold,0.9938818216323853,toilet,2005.0
713,Yearly_Comparision,machine,0.993721067905426,toilet,2005.0
714,Yearly_Comparision,conditioner,0.9936778545379639,toilet,2005.0
715,Yearly_Comparision,tiles,0.9935882687568665,toilet,2005.0
716,Yearly_Comparision,making,0.9933521747589111,toilet,2005.0
717,Yearly_Comparision,ship,0.9932573437690735,toilet,2005.0
718,Yearly_Comparision,paper,0.9931265711784363,toilet,2005.0
719,Yearly_Comparision,tables,0.9931248426437378,toilet,2005.0
720,Yearly_Comparision,kettle,0.9943280220031738,toilet,2006.0
721,Yearly_Comparision,strange,0.9941958785057068,toilet,2006.0
722,Yearly_Comparision,ice,0.9937005043029785,toilet,2006.0
723,Yearly_Comparision,pillow,0.9935691356658936,toilet,2006.0
724,Yearly_Comparision,gentleman,0.9935216903686523,toilet,2006.0
725,Yearly_Comparision,upstairs,0.9932613968849182,toilet,2006.0
726,Yearly_Comparision,broken,0.9932047724723816,toilet,2006.0
727,Yearly_Comparision,system,0.9931880831718445,toilet,2006.0
728,Yearly_Comparision,hair,0.992673933506012,toilet,2006.0
729,Yearly_Comparision,heat,0.9925169348716736,toilet,2006.0
730,Yearly_Comparision,air,0.9925260543823242,toilet,2007.0
731,Yearly_Comparision,mini,0.9918955564498901,toilet,2007.0
732,Yearly_Comparision,wall,0.9917880892753601,toilet,2007.0
733,Yearly_Comparision,duvet,0.9914841651916504,toilet,2007.0
734,Yearly_Comparision,windows,0.9907901287078857,toilet,2007.0
735,Yearly_Comparision,dirty,0.9905527830123901,toilet,2007.0
736,Yearly_Comparision,walls,0.9905090928077698,toilet,2007.0
737,Yearly_Comparision,weird,0.9905041456222534,toilet,2007.0
738,Yearly_Comparision,carpets,0.9900937080383301,toilet,2007.0
739,Yearly_Comparision,carpet,0.9891148805618286,toilet,2007.0
740,Yearly_Comparision,hair,0.997148871421814,toilet,2008.0
741,Yearly_Comparision,light,0.9968211054801941,toilet,2008.0
742,Yearly_Comparision,dryer,0.9967976212501526,toilet,2008.0
743,Yearly_Comparision,dim,0.9966278076171875,toilet,2008.0
744,Yearly_Comparision,broken,0.9962652921676636,toilet,2008.0
745,Yearly_Comparision,curtain,0.9957417249679565,toilet,2008.0
746,Yearly_Comparision,cheese,0.9957213997840881,toilet,2008.0
747,Yearly_Comparision,daily,0.9956172704696655,toilet,2008.0
748,Yearly_Comparision,mattress,0.995501697063446,toilet,2008.0
749,Yearly_Comparision,cracked,0.9952391386032104,toilet,2008.0
750,Yearly_Comparision,wooden,0.9956929683685303,toilet,2009.0
751,Yearly_Comparision,stained,0.995181679725647,toilet,2009.0
752,Yearly_Comparision,broken,0.9950383901596069,toilet,2009.0
753,Yearly_Comparision,table,0.9946503043174744,toilet,2009.0
754,Yearly_Comparision,water,0.994630753993988,toilet,2009.0
755,Yearly_Comparision,lights,0.9942687749862671,toilet,2009.0
756,Yearly_Comparision,dessert,0.9938995838165283,toilet,2009.0
757,Yearly_Comparision,wet,0.9938791990280151,toilet,2009.0
758,Yearly_Comparision,connection,0.9938573837280273,toilet,2009.0
759,Yearly_Comparision,glass,0.9936344623565674,toilet,2009.0
760,Yearly_Comparision,ride,0.954161524772644,taxi,2002.0
761,Yearly_Comparision,underground,0.8981070518493652,taxi,2002.0
762,Yearly_Comparision,ranging,0.8758511543273926,taxi,2002.0
763,Yearly_Comparision,mcdonalds,0.8678110837936401,taxi,2002.0
764,Yearly_Comparision,burger,0.8613914847373962,taxi,2002.0
765,Yearly_Comparision,couple,0.8589704632759094,taxi,2002.0
766,Yearly_Comparision,michigan,0.8503996133804321,taxi,2002.0
767,Yearly_Comparision,spencers,0.8395237326622009,taxi,2002.0
768,Yearly_Comparision,stops,0.8299801349639893,taxi,2002.0
769,Yearly_Comparision,places,0.8287667632102966,taxi,2002.0
770,Yearly_Comparision,museum,0.9955941438674927,taxi,2003.0
771,Yearly_Comparision,theatre,0.9948462247848511,taxi,2003.0
772,Yearly_Comparision,store,0.9942684173583984,taxi,2003.0
773,Yearly_Comparision,24,0.9941583871841431,taxi,2003.0
774,Yearly_Comparision,queensway,0.9937947392463684,taxi,2003.0
775,Yearly_Comparision,story,0.9937440752983093,taxi,2003.0
776,Yearly_Comparision,trains,0.9937054514884949,taxi,2003.0
777,Yearly_Comparision,east,0.993549644947052,taxi,2003.0
778,Yearly_Comparision,bay,0.9931636452674866,taxi,2003.0
779,Yearly_Comparision,comes,0.9931161403656006,taxi,2003.0
780,Yearly_Comparision,talk,0.9926778674125671,taxi,2004.0
781,Yearly_Comparision,hardly,0.9905285835266113,taxi,2004.0
782,Yearly_Comparision,40,0.9903506636619568,taxi,2004.0
783,Yearly_Comparision,car,0.9902808666229248,taxi,2004.0
784,Yearly_Comparision,turn,0.990217924118042,taxi,2004.0
785,Yearly_Comparision,character,0.9900839328765869,taxi,2004.0
786,Yearly_Comparision,follow,0.9898061752319336,taxi,2004.0
787,Yearly_Comparision,straight,0.9894967079162598,taxi,2004.0
788,Yearly_Comparision,traffic,0.9894044399261475,taxi,2004.0
789,Yearly_Comparision,cab,0.9892802238464355,taxi,2004.0
790,Yearly_Comparision,buy,0.9902759790420532,taxi,2005.0
791,Yearly_Comparision,transfer,0.9898308515548706,taxi,2005.0
792,Yearly_Comparision,orders,0.9891865253448486,taxi,2005.0
793,Yearly_Comparision,drink,0.9887863993644714,taxi,2005.0
794,Yearly_Comparision,car,0.9887176752090454,taxi,2005.0
795,Yearly_Comparision,stand,0.9880144596099854,taxi,2005.0
796,Yearly_Comparision,map,0.9873315095901489,taxi,2005.0
797,Yearly_Comparision,church,0.9870579242706299,taxi,2005.0
798,Yearly_Comparision,further,0.9866846799850464,taxi,2005.0
799,Yearly_Comparision,easily,0.9865018725395203,taxi,2005.0
800,Yearly_Comparision,pass,0.9915738701820374,taxi,2006.0
801,Yearly_Comparision,cab,0.9902199506759644,taxi,2006.0
802,Yearly_Comparision,meter,0.9899997711181641,taxi,2006.0
803,Yearly_Comparision,pick,0.9862157106399536,taxi,2006.0
804,Yearly_Comparision,direct,0.9849457740783691,taxi,2006.0
805,Yearly_Comparision,pain,0.9833598136901855,taxi,2006.0
806,Yearly_Comparision,men,0.9823908805847168,taxi,2006.0
807,Yearly_Comparision,off,0.9818254709243774,taxi,2006.0
808,Yearly_Comparision,car,0.9815292358398438,taxi,2006.0
809,Yearly_Comparision,receive,0.9815278053283691,taxi,2006.0
810,Yearly_Comparision,cab,0.9913884401321411,taxi,2007.0
811,Yearly_Comparision,drive,0.9865745902061462,taxi,2007.0
812,Yearly_Comparision,car,0.9857170581817627,taxi,2007.0
813,Yearly_Comparision,highway,0.983292818069458,taxi,2007.0
814,Yearly_Comparision,hop,0.9830716848373413,taxi,2007.0
815,Yearly_Comparision,cars,0.9829457402229309,taxi,2007.0
816,Yearly_Comparision,off,0.9824131727218628,taxi,2007.0
817,Yearly_Comparision,exit,0.982258677482605,taxi,2007.0
818,Yearly_Comparision,airport,0.98197340965271,taxi,2007.0
819,Yearly_Comparision,pick,0.9812062978744507,taxi,2007.0
820,Yearly_Comparision,buy,0.9877341985702515,taxi,2008.0
821,Yearly_Comparision,watch,0.9857679605484009,taxi,2008.0
822,Yearly_Comparision,drive,0.9834808111190796,taxi,2008.0
823,Yearly_Comparision,transport,0.9825042486190796,taxi,2008.0
824,Yearly_Comparision,yourself,0.9821963906288147,taxi,2008.0
825,Yearly_Comparision,gt,0.9813627004623413,taxi,2008.0
826,Yearly_Comparision,canary,0.9802327156066895,taxi,2008.0
827,Yearly_Comparision,requires,0.9801936149597168,taxi,2008.0
828,Yearly_Comparision,purchase,0.9800115823745728,taxi,2008.0
829,Yearly_Comparision,save,0.979960560798645,taxi,2008.0
830,Yearly_Comparision,car,0.9921972155570984,taxi,2009.0
831,Yearly_Comparision,cab,0.991809070110321,taxi,2009.0
832,Yearly_Comparision,heathrow,0.9899556040763855,taxi,2009.0
833,Yearly_Comparision,drive,0.9895883202552795,taxi,2009.0
834,Yearly_Comparision,10min,0.9865519404411316,taxi,2009.0
835,Yearly_Comparision,miles,0.9862949252128601,taxi,2009.0
836,Yearly_Comparision,trying,0.9832968711853027,taxi,2009.0
837,Yearly_Comparision,rail,0.9828882813453674,taxi,2009.0
838,Yearly_Comparision,pick,0.9821566343307495,taxi,2009.0
839,Yearly_Comparision,direct,0.9814440608024597,taxi,2009.0
840,delhi,restaurant,0.9831332564353943,food,
841,delhi,excellent,0.9730652570724487,food,
842,delhi,service,0.9730058908462524,food,
843,delhi,selection,0.9647892713546753,food,
844,delhi,mediocre,0.9636979699134827,food,
845,delhi,buffet,0.9630251526832581,food,
846,delhi,rooftop,0.9626736044883728,food,
847,delhi,exception,0.960922360420227,food,
848,delhi,reasonably,0.9603010416030884,food,
849,delhi,bar,0.9589537382125854,food,
850,delhi,early,0.9929220676422119,flight,
851,delhi,delayed,0.9880828857421875,flight,
852,delhi,plane,0.9869934916496277,flight,
853,delhi,hours,0.9851142168045044,flight,
854,delhi,visits,0.984853982925415,flight,
855,delhi,returned,0.9843549728393555,flight,
856,delhi,flying,0.9827885627746582,flight,
857,delhi,booking,0.9824241399765015,flight,
858,delhi,tour,0.9793868064880371,flight,
859,delhi,late,0.9793418645858765,flight,
860,delhi,jaipur,0.9913309812545776,sightseeing,
861,delhi,overnight,0.9877639412879944,sightseeing,
862,delhi,flying,0.9874341487884521,sightseeing,
863,delhi,nov,0.9873914122581482,sightseeing,
864,delhi,leg,0.9873634576797485,sightseeing,
865,delhi,12,0.9870141744613647,sightseeing,
866,delhi,journey,0.9868787527084351,sightseeing,
867,delhi,6,0.9865589141845703,sightseeing,
868,delhi,rajasthan,0.9863868355751038,sightseeing,
869,delhi,ten,0.9863151907920837,sightseeing,
870,delhi,children,0.994556188583374,party,
871,delhi,1st,0.9938833713531494,party,
872,delhi,evening,0.9937549829483032,party,
873,delhi,following,0.9936803579330444,party,
874,delhi,via,0.9936356544494629,party,
875,delhi,7,0.9935205578804016,party,
876,delhi,electricity,0.9934887886047363,party,
877,delhi,alot,0.9931243062019348,party,
878,delhi,son,0.9929392337799072,party,
879,delhi,girl,0.9929132461547852,party,
880,delhi,experience,0.9565998911857605,price,
881,delhi,choice,0.9533712267875671,price,
882,delhi,ratio,0.952060341835022,price,
883,delhi,thing,0.9499667882919312,price,
884,delhi,option,0.9470388889312744,price,
885,delhi,downside,0.9467411637306213,price,
886,delhi,property,0.9464740753173828,price,
887,delhi,real,0.9447770714759827,price,
888,delhi,ideal,0.9438337087631226,price,
889,delhi,sunrise,0.9428447484970093,price,
890,delhi,enormous,0.9904437065124512,fare,
891,delhi,multi,0.9887499809265137,fare,
892,delhi,internet,0.9886592030525208,fare,
893,delhi,somewhat,0.988640546798706,fare,
894,delhi,conducted,0.9877855777740479,fare,
895,delhi,condition,0.9875963926315308,fare,
896,delhi,channels,0.9874924421310425,fare,
897,delhi,coffee,0.9873576760292053,fare,
898,delhi,360,0.9872706532478333,fare,
899,delhi,flowers,0.987153172492981,fare,
900,delhi,pricey,0.9956958889961243,cheap,
901,delhi,safe,0.9915547370910645,cheap,
902,delhi,simple,0.9915385246276855,cheap,
903,delhi,cover,0.9912830591201782,cheap,
904,delhi,generally,0.9911808967590332,cheap,
905,delhi,lacks,0.9909541606903076,cheap,
906,delhi,little,0.9901210069656372,cheap,
907,delhi,awful,0.989672839641571,cheap,
908,delhi,pricy,0.9895011186599731,cheap,
909,delhi,acceptable,0.9887939095497131,cheap,
910,delhi,changing,0.991395890712738,coffe,
911,delhi,demand,0.9905776977539062,coffe,
912,delhi,cable,0.9901251792907715,coffe,
913,delhi,pushed,0.9900496006011963,coffe,
914,delhi,minor,0.9897920489311218,coffe,
915,delhi,curtains,0.9893229007720947,coffe,
916,delhi,keeping,0.9890103340148926,coffe,
917,delhi,stale,0.98895663022995,coffe,
918,delhi,regular,0.9887799024581909,coffe,
919,delhi,minimal,0.9887669682502747,coffe,
920,delhi,air,0.9977564215660095,toilet,
921,delhi,con,0.9971538782119751,toilet,
922,delhi,pillow,0.9957897663116455,toilet,
923,delhi,items,0.9956138730049133,toilet,
924,delhi,english,0.995613157749176,toilet,
925,delhi,cooked,0.9955424666404724,toilet,
926,delhi,ac,0.9953917264938354,toilet,
927,delhi,cookies,0.9951225519180298,toilet,
928,delhi,dinners,0.9949483871459961,toilet,
929,delhi,aircon,0.9947929382324219,toilet,
930,delhi,metered,0.9753046631813049,taxi,
931,delhi,drop,0.9719680547714233,taxi,
932,delhi,headed,0.9703640341758728,taxi,
933,delhi,arrange,0.9656861424446106,taxi,
934,delhi,rep,0.9628495573997498,taxi,
935,delhi,cab,0.9610116481781006,taxi,
936,delhi,thumbs,0.959857702255249,taxi,
937,delhi,car,0.9566612243652344,taxi,
938,delhi,driver,0.9552346467971802,taxi,
939,delhi,charge,0.9543133974075317,taxi,
940,london,cute,0.9795618057250977,food,
941,london,atmosphere,0.979152500629425,food,
942,london,bar,0.976952314376831,food,
943,london,furnishings,0.9707045555114746,food,
944,london,daytime,0.9685202240943909,food,
945,london,superb,0.9676839709281921,food,
946,london,condition,0.9670270681381226,food,
947,london,quality,0.9651992321014404,food,
948,london,cosy,0.9642139077186584,food,
949,london,itself,0.9641648530960083,food,
950,london,requesting,0.9888162612915039,flight,
951,london,prior,0.9871823787689209,flight,
952,london,later,0.9866834878921509,flight,
953,london,keys,0.9859117865562439,flight,
954,london,sunday,0.985771656036377,flight,
955,london,receipt,0.9854122400283813,flight,
956,london,12,0.9853678941726685,flight,
957,london,pm,0.9851606488227844,flight,
958,london,plans,0.9849783182144165,flight,
959,london,party,0.9843993782997131,flight,
960,london,extension,0.9843073487281799,sightseeing,
961,london,arriving,0.9776435494422913,sightseeing,
962,london,several,0.9761298894882202,sightseeing,
963,london,flight,0.9757077693939209,sightseeing,
964,london,9,0.975422203540802,sightseeing,
965,london,plans,0.9733632802963257,sightseeing,
966,london,midnight,0.9731242656707764,sightseeing,
967,london,flights,0.971998929977417,sightseeing,
968,london,heading,0.9718389511108398,sightseeing,
969,london,paris,0.9716306924819946,sightseeing,
970,london,final,0.9906290173530579,party,
971,london,sunday,0.9893690347671509,party,
972,london,1st,0.989300012588501,party,
973,london,14,0.9887483716011047,party,
974,london,keys,0.9883713126182556,party,
975,london,hubby,0.988324761390686,party,
976,london,request,0.9881117343902588,party,
977,london,each,0.9877060055732727,party,
978,london,march,0.9876222014427185,party,
979,london,requesting,0.9871126413345337,party,
980,london,value,0.9736967086791992,price,
981,london,deal,0.9312037825584412,price,
982,london,considering,0.930928111076355,price,
983,london,best,0.928687572479248,price,
984,london,summary,0.9261646270751953,price,
985,london,budget,0.9192409515380859,price,
986,london,waldorf,0.9180046319961548,price,
987,london,aparthotel,0.9156213402748108,price,
988,london,overall,0.9132326245307922,price,
989,london,bargain,0.9124213457107544,price,
990,london,cheese,0.9940363764762878,fare,
991,london,potatoes,0.9938541650772095,fare,
992,london,cream,0.9935312271118164,fare,
993,london,art,0.9934267997741699,fare,
994,london,theater,0.9928209781646729,fare,
995,london,cheeses,0.992678165435791,fare,
996,london,sandwiches,0.992651104927063,fare,
997,london,semi,0.9925365447998047,fare,
998,london,safety,0.9923312067985535,fare,
999,london,machine,0.9921754002571106,fare,
1000,london,older,0.9867948293685913,cheap,
1001,london,traditional,0.9857984781265259,cheap,
1002,london,such,0.9843856692314148,cheap,
1003,london,fair,0.9830489158630371,cheap,
1004,london,roundabout,0.9818365573883057,cheap,
1005,london,looks,0.9809139966964722,cheap,
1006,london,real,0.9808822274208069,cheap,
1007,london,acceptable,0.9806312322616577,cheap,
1008,london,important,0.9803521037101746,cheap,
1009,london,potential,0.9803156852722168,cheap,
1010,london,jam,0.9867271184921265,coffe,
1011,london,eggs,0.9862493276596069,coffe,
1012,london,marks,0.9854587912559509,coffe,
1013,london,plate,0.9853912591934204,coffe,
1014,london,beef,0.985080361366272,coffe,
1015,london,staircase,0.9845500588417053,coffe,
1016,london,shampoo,0.9843369126319885,coffe,
1017,london,bacon,0.9840105772018433,coffe,
1018,london,bread,0.9839545488357544,coffe,
1019,london,socket,0.9828938245773315,coffe,
1020,london,carpet,0.9897315502166748,toilet,
1021,london,wall,0.9890546798706055,toilet,
1022,london,broken,0.988814651966095,toilet,
1023,london,curtain,0.9883791208267212,toilet,
1024,london,paper,0.9871300458908081,toilet,
1025,london,barely,0.9866236448287964,toilet,
1026,london,smell,0.9863146543502808,toilet,
1027,london,mounted,0.9861946105957031,toilet,
1028,london,windows,0.9859763979911804,toilet,
1029,london,flimsy,0.9854010343551636,toilet,
1030,london,save,0.9783132672309875,taxi,
1031,london,drop,0.9765496850013733,taxi,
1032,london,carrying,0.973617672920227,taxi,
1033,london,transfer,0.9724187850952148,taxi,
1034,london,catch,0.97088623046875,taxi,
1035,london,cab,0.9692202210426331,taxi,
1036,london,bucks,0.968847930431366,taxi,
1037,london,take,0.9665693640708923,taxi,
1038,london,straight,0.9662106037139893,taxi,
1039,london,pop,0.9647105932235718,taxi,
1040,newyork,neighbourhood,0.985938310623169,food,
1041,newyork,quality,0.978117823600769,food,
1042,newyork,neighborhood,0.9750105142593384,food,
1043,newyork,position,0.9726647734642029,food,
1044,newyork,bar,0.972270131111145,food,
1045,newyork,breakfasts,0.9715266227722168,food,
1046,newyork,rooftop,0.9678749442100525,food,
1047,newyork,tasteful,0.9675003290176392,food,
1048,newyork,pretty,0.9666774272918701,food,
1049,newyork,peaceful,0.9660522937774658,food,
1050,newyork,late,0.9869391322135925,flight,
1051,newyork,early,0.9861109256744385,flight,
1052,newyork,came,0.9789915084838867,flight,
1053,newyork,bags,0.9770135879516602,flight,
1054,newyork,shortly,0.975847065448761,flight,
1055,newyork,left,0.9757734537124634,flight,
1056,newyork,account,0.9754009246826172,flight,
1057,newyork,brought,0.9752645492553711,flight,
1058,newyork,midnight,0.9750657677650452,flight,
1059,newyork,following,0.9744791984558105,flight,
1060,newyork,relax,0.9900342226028442,sightseeing,
1061,newyork,trips,0.9854689836502075,sightseeing,
1062,newyork,century,0.984714150428772,sightseeing,
1063,newyork,whole,0.9846081733703613,sightseeing,
1064,newyork,hospitality,0.9843529462814331,sightseeing,
1065,newyork,embassy,0.9843356609344482,sightseeing,
1066,newyork,n,0.9841769933700562,sightseeing,
1067,newyork,la,0.984153151512146,sightseeing,
1068,newyork,thanksgiving,0.9839482307434082,sightseeing,
1069,newyork,san,0.9834247827529907,sightseeing,
1070,newyork,wedding,0.9903526306152344,party,
1071,newyork,14,0.9899941682815552,party,
1072,newyork,calls,0.9899120330810547,party,
1073,newyork,en,0.9897924661636353,party,
1074,newyork,ship,0.9895048141479492,party,
1075,newyork,95,0.9893642067909241,party,
1076,newyork,quikbook,0.9892417788505554,party,
1077,newyork,despite,0.9880516529083252,party,
1078,newyork,aaa,0.9879884719848633,party,
1079,newyork,60,0.9879088401794434,party,
1080,newyork,value,0.9706394076347351,price,
1081,newyork,best,0.9344465732574463,price,
1082,newyork,perfect,0.9335677027702332,price,
1083,newyork,overall,0.9235658645629883,price,
1084,newyork,money,0.9170229434967041,price,
1085,newyork,excellant,0.9100279211997986,price,
1086,newyork,court,0.9062113761901855,price,
1087,newyork,regardless,0.9059898853302002,price,
1088,newyork,place,0.9058241844177246,price,
1089,newyork,hotel,0.9017520546913147,price,
1090,newyork,ice,0.9923679232597351,fare,
1091,newyork,entering,0.9916284084320068,fare,
1092,newyork,store,0.9883885979652405,fare,
1093,newyork,seat,0.9882014393806458,fare,
1094,newyork,tap,0.9877734184265137,fare,
1095,newyork,doors,0.9877527952194214,fare,
1096,newyork,plastic,0.9876918792724609,fare,
1097,newyork,rain,0.9873886704444885,fare,
1098,newyork,subsequent,0.9860885143280029,fare,
1099,newyork,hair,0.9859951734542847,fare,
1100,newyork,feels,0.987313985824585,cheap,
1101,newyork,true,0.986113429069519,cheap,
1102,newyork,considering,0.9855130910873413,cheap,
1103,newyork,real,0.9838263988494873,cheap,
1104,newyork,prime,0.9822700023651123,cheap,
1105,newyork,inexpensive,0.9809415340423584,cheap,
1106,newyork,truly,0.9808112382888794,cheap,
1107,newyork,cute,0.9781584739685059,cheap,
1108,newyork,reputation,0.9773010611534119,cheap,
1109,newyork,interesting,0.9772704839706421,cheap,
1110,newyork,bagels,0.9829280376434326,coffe,
1111,newyork,juices,0.9808429479598999,coffe,
1112,newyork,juice,0.9787380695343018,coffe,
1113,newyork,liquor,0.9773760437965393,coffe,
1114,newyork,tea,0.9773426651954651,coffe,
1115,newyork,muffins,0.9737582206726074,coffe,
1116,newyork,cotton,0.9728965759277344,coffe,
1117,newyork,contained,0.9726804494857788,coffe,
1118,newyork,wireless,0.9723900556564331,coffe,
1119,newyork,wooden,0.972216010093689,coffe,
1120,newyork,heat,0.9926889538764954,toilet,
1121,newyork,air,0.9907937049865723,toilet,
1122,newyork,sheet,0.9904615879058838,toilet,
1123,newyork,missing,0.9897029399871826,toilet,
1124,newyork,heating,0.9887111186981201,toilet,
1125,newyork,trash,0.9882194995880127,toilet,
1126,newyork,light,0.9877687096595764,toilet,
1127,newyork,unit,0.9876282215118408,toilet,
1128,newyork,rain,0.9874435663223267,toilet,
1129,newyork,hand,0.987061619758606,toilet,
1130,newyork,cab,0.9931986927986145,taxi,
1131,newyork,off,0.9888895153999329,taxi,
1132,newyork,train,0.9856384992599487,taxi,
1133,newyork,catch,0.9812976121902466,taxi,
1134,newyork,49th,0.9810658693313599,taxi,
1135,newyork,hrs,0.9784232378005981,taxi,
1136,newyork,bus,0.9763762950897217,taxi,
1137,newyork,ride,0.9755306243896484,taxi,
1138,newyork,energy,0.9753453135490417,taxi,
1139,newyork,rush,0.9752120971679688,taxi,
1140,delhi_sg,breakfast,0.8939285278320312,food,
1141,delhi_sg,buffet,0.8753509521484375,food,
1142,delhi_sg,restaurant,0.8560440540313721,food,
1143,delhi_sg,hospitality,0.8499581813812256,food,
1144,delhi_sg,tasty,0.8497892022132874,food,
1145,delhi_sg,continental,0.8419246673583984,food,
1146,delhi_sg,lunch,0.8410071134567261,food,
1147,delhi_sg,route,0.8407608270645142,food,
1148,delhi_sg,selection,0.8403419256210327,food,
1149,delhi_sg,vegetarian,0.8399945497512817,food,
1150,delhi_sg,delayed,0.9385016560554504,flight,
1151,delhi_sg,plane,0.9356050491333008,flight,
1152,delhi_sg,departure,0.9215051531791687,flight,
1153,delhi_sg,prior,0.9205821752548218,flight,
1154,delhi_sg,midnight,0.9170223474502563,flight,
1155,delhi_sg,00,0.9167215824127197,flight,
1156,delhi_sg,till,0.914903461933136,flight,
1157,delhi_sg,pm,0.9142329096794128,flight,
1158,delhi_sg,waited,0.9078080654144287,flight,
1159,delhi_sg,leaving,0.9077942371368408,flight,
1160,delhi_sg,trips,0.9636476635932922,sightseeing,
1161,delhi_sg,sight,0.963483452796936,sightseeing,
1162,delhi_sg,organise,0.9618421792984009,sightseeing,
1163,delhi_sg,meeting,0.9551402926445007,sightseeing,
1164,delhi_sg,bus,0.954206109046936,sightseeing,
1165,delhi_sg,organised,0.952509343624115,sightseeing,
1166,delhi_sg,seeing,0.9516853094100952,sightseeing,
1167,delhi_sg,overnight,0.9510223269462585,sightseeing,
1168,delhi_sg,tickets,0.9475036263465881,sightseeing,
1169,delhi_sg,prepaid,0.9431331157684326,sightseeing,
1170,delhi_sg,visits,0.9672712683677673,party,
1171,delhi_sg,following,0.9663179516792297,party,
1172,delhi_sg,final,0.9657829999923706,party,
1173,delhi_sg,disappointment,0.9636433124542236,party,
1174,delhi_sg,passports,0.9606077075004578,party,
1175,delhi_sg,package,0.9604109525680542,party,
1176,delhi_sg,confirmed,0.9600639343261719,party,
1177,delhi_sg,cancelled,0.9568809270858765,party,
1178,delhi_sg,2nd,0.9565699696540833,party,
1179,delhi_sg,reserved,0.9552329182624817,party,
1180,delhi_sg,cost,0.8914917707443237,price,
1181,delhi_sg,rate,0.8911170959472656,price,
1182,delhi_sg,value,0.878225564956665,price,
1183,delhi_sg,higher,0.8741198182106018,price,
1184,delhi_sg,usd,0.8739640116691589,price,
1185,delhi_sg,100,0.8619823455810547,price,
1186,delhi_sg,money,0.8605896830558777,price,
1187,delhi_sg,lower,0.8563679456710815,price,
1188,delhi_sg,accomodation,0.8552883267402649,price,
1189,delhi_sg,rates,0.8530498147010803,price,
1190,delhi_sg,serving,0.9792865514755249,fare,
1191,delhi_sg,esp,0.977758526802063,fare,
1192,delhi_sg,mix,0.9746801853179932,fare,
1193,delhi_sg,abysmal,0.9730852842330933,fare,
1194,delhi_sg,basement,0.9723533391952515,fare,
1195,delhi_sg,restaurents,0.9698594808578491,fare,
1196,delhi_sg,resturant,0.9693791270256042,fare,
1197,delhi_sg,b,0.9692316651344299,fare,
1198,delhi_sg,upstairs,0.9690127968788147,fare,
1199,delhi_sg,ordinary,0.9688898324966431,fare,
1200,delhi_sg,low,0.9620954394340515,cheap,
1201,delhi_sg,pricey,0.9585691690444946,cheap,
1202,delhi_sg,ideal,0.9572404026985168,cheap,
1203,delhi_sg,affordable,0.9526168704032898,cheap,
1204,delhi_sg,eating,0.9515399932861328,cheap,
1205,delhi_sg,alternative,0.9467321634292603,cheap,
1206,delhi_sg,overpriced,0.9464457035064697,cheap,
1207,delhi_sg,brilliant,0.9463661313056946,cheap,
1208,delhi_sg,acceptable,0.9435133934020996,cheap,
1209,delhi_sg,offers,0.942494809627533,cheap,
1210,delhi_sg,kingfisher,0.9940019845962524,coffe,
1211,delhi_sg,lime,0.9938755035400391,coffe,
1212,delhi_sg,chocolate,0.9925986528396606,coffe,
1213,delhi_sg,celan,0.9925845861434937,coffe,
1214,delhi_sg,smokers,0.9924952387809753,coffe,
1215,delhi_sg,jasmine,0.9924745559692383,coffe,
1216,delhi_sg,sliced,0.9924446940422058,coffe,
1217,delhi_sg,egg,0.9920587539672852,coffe,
1218,delhi_sg,abundance,0.9919258952140808,coffe,
1219,delhi_sg,shampoo,0.9918500781059265,coffe,
1220,delhi_sg,conditioning,0.9603080153465271,toilet,
1221,delhi_sg,pressure,0.9493587017059326,toilet,
1222,delhi_sg,ac,0.9427515268325806,toilet,
1223,delhi_sg,con,0.9420405626296997,toilet,
1224,delhi_sg,broken,0.9381314516067505,toilet,
1225,delhi_sg,paper,0.9355322122573853,toilet,
1226,delhi_sg,fridge,0.9326667189598083,toilet,
1227,delhi_sg,air,0.9318875670433044,toilet,
1228,delhi_sg,tub,0.9284006357192993,toilet,
1229,delhi_sg,shower,0.9236278533935547,toilet,
1230,delhi_sg,cab,0.9039400219917297,taxi,
1231,delhi_sg,driver,0.9026004076004028,taxi,
1232,delhi_sg,drop,0.8923133611679077,taxi,
1233,delhi_sg,transport,0.8860933780670166,taxi,
1234,delhi_sg,prepaid,0.8822392225265503,taxi,
1235,delhi_sg,rickshaw,0.8784021139144897,taxi,
1236,delhi_sg,car,0.878085732460022,taxi,
1237,delhi_sg,arrange,0.8765417337417603,taxi,
1238,delhi_sg,tours,0.8708158731460571,taxi,
1239,delhi_sg,ride,0.8629029989242554,taxi,
1240,london_sg,restaurant,0.8944573402404785,food,
1241,london_sg,served,0.8943392038345337,food,
1242,london_sg,italian,0.8744306564331055,food,
1243,london_sg,buffet,0.8725041151046753,food,
1244,london_sg,delicious,0.86640864610672,food,
1245,london_sg,bar,0.8581977486610413,food,
1246,london_sg,atmosphere,0.8476525545120239,food,
1247,london_sg,fast,0.843754768371582,food,
1248,london_sg,drinks,0.8436272144317627,food,
1249,london_sg,breakfasts,0.8435039520263672,food,
1250,london_sg,woke,0.9444866180419922,flight,
1251,london_sg,pm,0.9425074458122253,flight,
1252,london_sg,11,0.9382177591323853,flight,
1253,london_sg,departure,0.936884880065918,flight,
1254,london_sg,monday,0.9353958368301392,flight,
1255,london_sg,00,0.9333724975585938,flight,
1256,london_sg,checkout,0.9321367144584656,flight,
1257,london_sg,10am,0.9313942193984985,flight,
1258,london_sg,arriving,0.931117057800293,flight,
1259,london_sg,midnight,0.9250853061676025,flight,
1260,london_sg,relax,0.9592689275741577,sightseeing,
1261,london_sg,sight,0.9566011428833008,sightseeing,
1262,london_sg,exploring,0.9553923010826111,sightseeing,
1263,london_sg,seeing,0.9443510174751282,sightseeing,
1264,london_sg,taking,0.9396946430206299,sightseeing,
1265,london_sg,paris,0.9395689368247986,sightseeing,
1266,london_sg,evenings,0.9373754262924194,sightseeing,
1267,london_sg,summer,0.9357966780662537,sightseeing,
1268,london_sg,town,0.9351728558540344,sightseeing,
1269,london_sg,docklands,0.9335405826568604,sightseeing,
1270,london_sg,earlier,0.9656705856323242,party,
1271,london_sg,honeymoon,0.9601414203643799,party,
1272,london_sg,prior,0.955448567867279,party,
1273,london_sg,settled,0.9539444446563721,party,
1274,london_sg,checkout,0.9533933401107788,party,
1275,london_sg,10th,0.9519153237342834,party,
1276,london_sg,monday,0.9513590335845947,party,
1277,london_sg,colleague,0.949093759059906,party,
1278,london_sg,reserved,0.9486184120178223,party,
1279,london_sg,attending,0.9479626417160034,party,
1280,london_sg,value,0.9254287481307983,price,
1281,london_sg,considering,0.9116578102111816,price,
1282,london_sg,rates,0.9091863036155701,price,
1283,london_sg,money,0.8969293832778931,price,
1284,london_sg,deal,0.8880931735038757,price,
1285,london_sg,reasonable,0.883193850517273,price,
1286,london_sg,bargain,0.8795510530471802,price,
1287,london_sg,accommodation,0.8767223954200745,price,
1288,london_sg,rate,0.8722131848335266,price,
1289,london_sg,prices,0.8712937831878662,price,
1290,london_sg,courses,0.986132025718689,fare,
1291,london_sg,peak,0.9855636358261108,fare,
1292,london_sg,orbitz,0.9828797578811646,fare,
1293,london_sg,usa,0.9823353886604309,fare,
1294,london_sg,montcalm,0.9819363355636597,fare,
1295,london_sg,delivering,0.9815243482589722,fare,
1296,london_sg,la,0.9812898635864258,fare,
1297,london_sg,pit,0.981157124042511,fare,
1298,london_sg,nightly,0.9809557199478149,fare,
1299,london_sg,langorf,0.9809531569480896,fare,
1300,london_sg,pricey,0.9412527680397034,cheap,
1301,london_sg,fancy,0.9243133068084717,cheap,
1302,london_sg,traditional,0.9124718904495239,cheap,
1303,london_sg,acceptable,0.9097645878791809,cheap,
1304,london_sg,affordable,0.908424973487854,cheap,
1305,london_sg,low,0.9079984426498413,cheap,
1306,london_sg,considering,0.9079642295837402,cheap,
1307,london_sg,older,0.9036299586296082,cheap,
1308,london_sg,penny,0.9009658694267273,cheap,
1309,london_sg,accomodation,0.8994476199150085,cheap,
1310,london_sg,magazines,0.9897106289863586,coffe,
1311,london_sg,teabags,0.9870648384094238,coffe,
1312,london_sg,sacrifice,0.9870452880859375,coffe,
1313,london_sg,squeezed,0.9852222204208374,coffe,
1314,london_sg,mugs,0.9850442409515381,coffe,
1315,london_sg,mouthewateringly,0.9849809408187866,coffe,
1316,london_sg,facilties,0.9849319458007812,coffe,
1317,london_sg,dishwasher,0.9843679666519165,coffe,
1318,london_sg,assortment,0.9840875864028931,coffe,
1319,london_sg,player,0.9839950203895569,coffe,
1320,london_sg,paper,0.9366257190704346,toilet,
1321,london_sg,ceiling,0.9345170259475708,toilet,
1322,london_sg,sink,0.9345159530639648,toilet,
1323,london_sg,lights,0.9334773421287537,toilet,
1324,london_sg,broken,0.9280104637145996,toilet,
1325,london_sg,curtain,0.925976037979126,toilet,
1326,london_sg,light,0.9198639392852783,toilet,
1327,london_sg,windows,0.9194902181625366,toilet,
1328,london_sg,wall,0.9170206189155579,toilet,
1329,london_sg,heating,0.9151656627655029,toilet,
1330,london_sg,cab,0.9460166692733765,taxi,
1331,london_sg,take,0.916137158870697,taxi,
1332,london_sg,show,0.9112453460693359,taxi,
1333,london_sg,airport,0.9093233346939087,taxi,
1334,london_sg,straight,0.9046896696090698,taxi,
1335,london_sg,heathrow,0.8982105255126953,taxi,
1336,london_sg,car,0.8961920738220215,taxi,
1337,london_sg,transfer,0.8850092887878418,taxi,
1338,london_sg,pick,0.8825288414955139,taxi,
1339,london_sg,reach,0.8818947672843933,taxi,
1340,newyork_sg,breakfasts,0.8775440454483032,food,
1341,newyork_sg,breakfast,0.8691595792770386,food,
1342,newyork_sg,drinks,0.8669379949569702,food,
1343,newyork_sg,lunch,0.8611830472946167,food,
1344,newyork_sg,served,0.8574288487434387,food,
1345,newyork_sg,italian,0.8535033464431763,food,
1346,newyork_sg,buffet,0.8527927994728088,food,
1347,newyork_sg,restaurant,0.847282886505127,food,
1348,newyork_sg,rooftop,0.8411686420440674,food,
1349,newyork_sg,fast,0.8365064859390259,food,
1350,newyork_sg,checkout,0.9375052452087402,flight,
1351,newyork_sg,pm,0.9236997961997986,flight,
1352,newyork_sg,noon,0.9234429001808167,flight,
1353,newyork_sg,following,0.9176812171936035,flight,
1354,newyork_sg,midnight,0.914883017539978,flight,
1355,newyork_sg,later,0.8986718058586121,flight,
1356,newyork_sg,shortly,0.8949357271194458,flight,
1357,newyork_sg,11,0.8947476148605347,flight,
1358,newyork_sg,held,0.8944219350814819,flight,
1359,newyork_sg,afternoon,0.8944120407104492,flight,
1360,newyork_sg,exploring,0.9638345241546631,sightseeing,
1361,newyork_sg,relax,0.9555843472480774,sightseeing,
1362,newyork_sg,sight,0.9416429400444031,sightseeing,
1363,newyork_sg,explore,0.9396475553512573,sightseeing,
1364,newyork_sg,seeing,0.9270330667495728,sightseeing,
1365,newyork_sg,trips,0.9204673767089844,sightseeing,
1366,newyork_sg,base,0.912345290184021,sightseeing,
1367,newyork_sg,enjoy,0.9114331007003784,sightseeing,
1368,newyork_sg,wandering,0.9093953371047974,sightseeing,
1369,newyork_sg,period,0.9086088538169861,sightseeing,
1370,newyork_sg,originally,0.9641280174255371,party,
1371,newyork_sg,thru,0.9586043357849121,party,
1372,newyork_sg,thursday,0.9555875658988953,party,
1373,newyork_sg,flights,0.9518948197364807,party,
1374,newyork_sg,20th,0.9517698287963867,party,
1375,newyork_sg,wellington,0.9508100748062134,party,
1376,newyork_sg,discovered,0.9504729509353638,party,
1377,newyork_sg,present,0.9490854144096375,party,
1378,newyork_sg,parents,0.9462707042694092,party,
1379,newyork_sg,children,0.945691704750061,party,
1380,newyork_sg,value,0.9255527257919312,price,
1381,newyork_sg,rate,0.8943455815315247,price,
1382,newyork_sg,range,0.8749247789382935,price,
1383,newyork_sg,reasonable,0.8722327947616577,price,
1384,newyork_sg,deal,0.8700004816055298,price,
1385,newyork_sg,prices,0.8697614073753357,price,
1386,newyork_sg,considering,0.8589005470275879,price,
1387,newyork_sg,fair,0.8588117957115173,price,
1388,newyork_sg,money,0.8570622205734253,price,
1389,newyork_sg,bargain,0.8564956188201904,price,
1390,newyork_sg,iffy,0.9876580238342285,fare,
1391,newyork_sg,punch,0.9852354526519775,fare,
1392,newyork_sg,fill,0.9846917390823364,fare,
1393,newyork_sg,boost,0.9839776754379272,fare,
1394,newyork_sg,expects,0.983568012714386,fare,
1395,newyork_sg,connect,0.9830226302146912,fare,
1396,newyork_sg,lamps,0.982867956161499,fare,
1397,newyork_sg,eurochic,0.9824118614196777,fare,
1398,newyork_sg,turkey,0.9823455810546875,fare,
1399,newyork_sg,smoothiebar,0.9823210835456848,fare,
1400,newyork_sg,spot,0.9521186351776123,cheap,
1401,newyork_sg,overpriced,0.9461100101470947,cheap,
1402,newyork_sg,fair,0.9385274648666382,cheap,
1403,newyork_sg,truly,0.9350491762161255,cheap,
1404,newyork_sg,inexpensive,0.9339249134063721,cheap,
1405,newyork_sg,pricey,0.9335159063339233,cheap,
1406,newyork_sg,peaceful,0.9305762052536011,cheap,
1407,newyork_sg,residential,0.9296448826789856,cheap,
1408,newyork_sg,fun,0.9292691946029663,cheap,
1409,newyork_sg,gives,0.9283488988876343,cheap,
1410,newyork_sg,printer,0.989560067653656,coffe,
1411,newyork_sg,cups,0.9869049787521362,coffe,
1412,newyork_sg,sugar,0.9868847131729126,coffe,
1413,newyork_sg,soda,0.9867947697639465,coffe,
1414,newyork_sg,racks,0.9864671230316162,coffe,
1415,newyork_sg,cappucino,0.9864072799682617,coffe,
1416,newyork_sg,blankets,0.9861971139907837,coffe,
1417,newyork_sg,granite,0.986127495765686,coffe,
1418,newyork_sg,power,0.9860941767692566,coffe,
1419,newyork_sg,evelyn,0.9858847856521606,coffe,
1420,newyork_sg,unit,0.9606077671051025,toilet,
1421,newyork_sg,broken,0.9534323215484619,toilet,
1422,newyork_sg,heat,0.9397721886634827,toilet,
1423,newyork_sg,smoke,0.9381762742996216,toilet,
1424,newyork_sg,glass,0.9357033967971802,toilet,
1425,newyork_sg,curtain,0.9354925751686096,toilet,
1426,newyork_sg,heating,0.9321155548095703,toilet,
1427,newyork_sg,drain,0.9314582943916321,toilet,
1428,newyork_sg,sink,0.9311327934265137,toilet,
1429,newyork_sg,ac,0.9303662180900574,toilet,
1430,newyork_sg,cab,0.9634495973587036,taxi,
1431,newyork_sg,ride,0.9535127878189087,taxi,
1432,newyork_sg,newark,0.934471070766449,taxi,
1433,newyork_sg,catch,0.9263038039207458,taxi,
1434,newyork_sg,train,0.9242138862609863,taxi,
1435,newyork_sg,jfk,0.921944260597229,taxi,
1436,newyork_sg,tickets,0.9207825660705566,taxi,
1437,newyork_sg,20,0.9203301072120667,taxi,
1438,newyork_sg,express,0.9174453020095825,taxi,
1439,newyork_sg,airport,0.910643458366394,taxi,
1440,lowrated,wait,0.32829785346984863,flight,
1441,lowrated,63,0.3265213966369629,flight,
1442,lowrated,people,0.30140164494514465,flight,
1443,lowrated,arrive,0.2937406301498413,flight,
1444,lowrated,march,0.29169633984565735,flight,
1445,lowrated,come,0.2704542279243469,flight,
1446,lowrated,upgrades,0.2700332701206207,flight,
1447,lowrated,milk,0.26643165946006775,flight,
1448,lowrated,because,0.2659503221511841,flight,
1449,lowrated,prostition,0.26364558935165405,flight,
1450,lowrated,out,0.36863428354263306,food,
1451,lowrated,asked,0.36832505464553833,food,
1452,lowrated,while,0.34411346912384033,food,
1453,lowrated,am,0.3290272355079651,food,
1454,lowrated,tv,0.324618935585022,food,
1455,lowrated,get,0.32264354825019836,food,
1456,lowrated,below,0.31997212767601013,food,
1457,lowrated,an,0.3168112635612488,food,
1458,lowrated,your,0.31118643283843994,food,
1459,lowrated,been,0.3033757209777832,food,
1460,lowrated,at,0.4937725067138672,staff,
1461,lowrated,of,0.48636260628700256,staff,
1462,lowrated,have,0.4557298719882965,staff,
1463,lowrated,was,0.45547813177108765,staff,
1464,lowrated,this,0.45349186658859253,staff,
1465,lowrated,front,0.44681477546691895,staff,
1466,lowrated,i,0.4425387382507324,staff,
1467,lowrated,that,0.4399576187133789,staff,
1468,lowrated,you,0.43801069259643555,staff,
1469,lowrated,on,0.4377257227897644,staff,
1470,lowrated,right,0.3326342701911926,rating,
1471,lowrated,boat,0.3296866714954376,rating,
1472,lowrated,without,0.32298794388771057,rating,
1473,lowrated,who,0.3212876617908478,rating,
1474,lowrated,ansonia,0.31555160880088806,rating,
1475,lowrated,there,0.31433719396591187,rating,
1476,lowrated,one,0.30092060565948486,rating,
1477,lowrated,other,0.29979273676872253,rating,
1478,lowrated,all,0.28761523962020874,rating,
1479,lowrated,it,0.2856852412223816,rating,
1480,lowrated,the,0.8509941697120667,room,
1481,lowrated,of,0.8485989570617676,room,
1482,lowrated,to,0.8383437395095825,room,
1483,lowrated,was,0.8293470740318298,room,
1484,lowrated,i,0.8246846199035645,room,
1485,lowrated,in,0.8102877140045166,room,
1486,lowrated,a,0.8036544919013977,room,
1487,lowrated,for,0.7991158366203308,room,
1488,lowrated,it,0.7982953786849976,room,
1489,lowrated,on,0.7964982390403748,room,
1490,lowrated,and,0.5135797262191772,cheap,
1491,lowrated,t,0.5111225247383118,cheap,
1492,lowrated,one,0.50594562292099,cheap,
1493,lowrated,this,0.5000059604644775,cheap,
1494,lowrated,you,0.4961654245853424,cheap,
1495,lowrated,a,0.49363189935684204,cheap,
1496,lowrated,my,0.49340423941612244,cheap,
1497,lowrated,for,0.4920414984226227,cheap,
1498,lowrated,in,0.48837560415267944,cheap,
1499,lowrated,tv,0.4838918149471283,cheap,
1500,lowrated,we,0.3952919542789459,travel,
1501,lowrated,of,0.37972432374954224,travel,
1502,lowrated,as,0.3777844309806824,travel,
1503,lowrated,get,0.3767993152141571,travel,
1504,lowrated,very,0.364086389541626,travel,
1505,lowrated,down,0.3627468943595886,travel,
1506,lowrated,quot,0.3615630865097046,travel,
1507,lowrated,hotel,0.35128873586654663,travel,
1508,lowrated,a,0.34281718730926514,travel,
1509,lowrated,stay,0.3401685357093811,travel,
1510,highrated,out,0.7452244758605957,food,
1511,highrated,an,0.7298224568367004,food,
1512,highrated,to,0.7265750169754028,food,
1513,highrated,can,0.7216247320175171,food,
1514,highrated,if,0.721483588218689,food,
1515,highrated,with,0.7211154699325562,food,
1516,highrated,the,0.7199054956436157,food,
1517,highrated,on,0.7196586728096008,food,
1518,highrated,a,0.7194269299507141,food,
1519,highrated,of,0.7190902829170227,food,
1520,highrated,of,0.9380971193313599,staff,
1521,highrated,at,0.932187020778656,staff,
1522,highrated,was,0.9308419823646545,staff,
1523,highrated,that,0.9293280839920044,staff,
1524,highrated,i,0.9290881156921387,staff,
1525,highrated,we,0.9288137555122375,staff,
1526,highrated,and,0.9287340044975281,staff,
1527,highrated,a,0.9281564950942993,staff,
1528,highrated,on,0.9269639253616333,staff,
1529,highrated,the,0.9259829521179199,staff,
1530,highrated,the,0.9723970293998718,room,
1531,highrated,to,0.9700273275375366,room,
1532,highrated,of,0.9699609279632568,room,
1533,highrated,was,0.9668611288070679,room,
1534,highrated,in,0.9667144417762756,room,
1535,highrated,from,0.9651013612747192,room,
1536,highrated,a,0.9642046093940735,room,
1537,highrated,i,0.964165210723877,room,
1538,highrated,and,0.9631140828132629,room,
1539,highrated,on,0.9618421792984009,room,
1540,highrated,delights,0.46157076954841614,cheap,
1541,highrated,shower,0.44782429933547974,cheap,
1542,highrated,their,0.44203582406044006,cheap,
1543,highrated,kitchen,0.4396474063396454,cheap,
1544,highrated,most,0.4392006993293762,cheap,
1545,highrated,by,0.4351680278778076,cheap,
1546,highrated,like,0.43448370695114136,cheap,
1547,highrated,mark,0.43305790424346924,cheap,
1548,highrated,our,0.43014076352119446,cheap,
1549,highrated,one,0.4296630024909973,cheap,
1550,highrated,excellent,0.4730922281742096,travel,
1551,highrated,american,0.46428218483924866,travel,
1552,highrated,long,0.45956093072891235,travel,
1553,highrated,as,0.44678711891174316,travel,
1554,highrated,get,0.44560790061950684,travel,
1555,highrated,morning,0.44349443912506104,travel,
1556,highrated,very,0.4432564973831177,travel,
1557,highrated,we,0.4429308772087097,travel,
1558,highrated,been,0.44152411818504333,travel,
1559,highrated,given,0.4400882124900818,travel,
1560,highrated,any,0.43568071722984314,taxi,
1561,highrated,shower,0.4178786873817444,taxi,
1562,highrated,right,0.4115346670150757,taxi,
1563,highrated,good,0.40055742859840393,taxi,
1564,highrated,given,0.4005572199821472,taxi,
1565,highrated,your,0.3962898552417755,taxi,
1566,highrated,if,0.3913850784301758,taxi,
1567,highrated,area,0.3892461061477661,taxi,
1568,highrated,by,0.38426393270492554,taxi,
1569,highrated,24,0.3834640383720398,taxi,
